name,feastDay,knownFor,patronOf,dates,origin,gender,traits,quotes,title,associatedDates,lived,bio,funFact
"St. Peter","June 29","St. Peter is recognized as the first pope and a leader among the apostles.","fishermen, popes, net makers","d. c. 64 AD","Galilee/Rome","Male","leadership; dedication; boldness; faithfulness; humility","You are the Messiah, the Son of the living God.; Even if all fall away, I will not.; I will build my church on this rock.","St. Peter","February 22 (Chair of St. Peter)","d. c. 64","Born as Simon in Galilee, he was a fisherman before becoming a devoted follower of Jesus Christ. Peter played a crucial role in the early Church, ultimately facing martyrdom in Rome for his steadfast faith. His legacy as the first pope and his role in spreading Christianity have made him a pillar of the Catholic Church.","St. Peter is often depicted with keys, symbolizing his role in the Church's leadership and the power to bind and loose."
"St. Paul","June 29","A key figure in the early Christian church who spread the Gospel to the Gentiles.","missionaries, writers, tentmakers","d. c. 67 AD","Tarsus/Rome","Male","intellectual; passionate; influential; determined; theological","I have become all things to all people, that I might by all means save some.; For I am convinced that neither death nor life, neither angels nor demons, neither the present nor the future, nor any powers, will be able to separate us from the love of God.; But God chose the foolish things of the world to shame the wise; God chose the weak things of the world to shame the strong.","St. Paul","January 25 (Conversion of St. Paul)","d. c. 67","St. Paul, originally known as Saul of Tarsus, was a zealous persecutor of Christians before experiencing a profound conversion on the road to Damascus. He became one of Christianity's most influential apostles, traveling extensively to establish churches and writing letters that form a significant portion of the New Testament. His theological insights and teachings continue to shape Christian doctrine and practice today.","St. Paul was a Roman citizen, which afforded him unique privileges and protection as he spread Christianity throughout the Roman Empire."
"St. Mary Magdalene","July 22","The first witness to the Resurrection of Jesus and a devoted follower.","penitent sinners, women, pharmacists","1st century","Magdala","Female","devoted; forgiving; faithful; persevering; loving","I have seen the Lord.; If you forgive the sins of any, they are forgiven.; Mary, do not hold on to me, for I have not yet ascended to the Father.","St. Mary Magdalene","Easter Sunday","1st century","St. Mary Magdalene is celebrated as a pivotal figure in Christianity, known for her unwavering support of Jesus throughout His ministry. She uniquely witnessed His crucifixion and was the first to encounter the resurrected Christ, tasked with sharing the good news with the apostles. Her life reflects transformation, faith, and forgiveness, inspiring countless believers to follow her example of devotion.","St. Mary Magdalene is often mistakenly thought to be synonymous with the unnamed sinful woman in Luke's Gospel, but she is recognized in the New Testament as a separate and significant figure."
"St. Joseph","March 19","The earthly protector of Jesus and spouse of the Virgin Mary.","Workers, fathers, dying, carpenters, searchers for lost items","1st century","Nazareth","Male","humble; devout; protective; diligent; kind","I have chosen you, Joseph, to be the guardian of my son.; Fidelity to God’s call requires courage and trust in His plan.; In obedience, Joseph took Mary and Jesus into his home, embodying the essence of a true protector.","St. Joseph","May 1","d. 1st century","St. Joseph is revered as the humble and steadfast foster father of Jesus Christ and the devoted husband of the Virgin Mary. Known for his unwavering faith and dedication to his family, he is a model for all workers and fathers. His life exemplifies quiet strength, compassion, and virtue amidst life's challenges.","St. Joseph is the only saint in the Catholic Church who does not have any recorded words in the Bible."
"St. Francis of Assisi","October 4","Founder of the Franciscan Order, known for his love of nature and commitment to poverty.","Animals, environment, merchants, Italy","1181-1226","Italy","Male","humble; compassionate; nature-loving; joyful; devout","Preach the Gospel at all times; when necessary, use words.; Above all the grace and the gifts that Christ gives to his beloved is that of overcoming self.; It is in giving that we receive.","St. Francis of Assisi","March 19 (first canonization)","1181-1226","St. Francis of Assisi was born in Italy to a wealthy family but abandoned his riches to live a life of poverty and simplicity. He is renowned for his profound love of all living things, seeing God's presence in nature. His teachings and lifestyle inspired the founding of the Franciscan Order, which emphasizes humility and compassion.","St. Francis is credited with creating the first living nativity scene in 1223."
"St. Clare of Assisi","August 11","Founder of the Order of Poor Ladies, known as the Poor Clares, and devoted follower of St. Francis of Assisi.","Television, eye disease, good weather, eye ailments, laundry workers","1194-1253","Italy","Female","devout; compassionate; generous; humble; dedicated","I desire to glorify God as long as I have breath.; All my hopes are in You, O Lord.; I will never be able to express my gratitude to Him for the mercy He has shown me.","St. Clare of Assisi","March 18 (death date of her first follower, St. Agnes of Assisi)","1194-1253","St. Clare of Assisi was a noblewoman who became a pioneering figure in the Franciscan movement after hearing St. Francis preach. She founded the Order of Poor Ladies, which later became known as the Poor Clares, emphasizing a life of poverty and community. Clare is remembered for her deep spirituality, her commitment to her faith, and her role in promoting the values of humility and charity.","St. Clare is traditionally credited with miraculously stopping an invading army by holding up the Blessed Sacrament."
"St. Anthony of Padua","June 13","A revered Franciscan preacher known for his powerful sermons and miracles.","lost items, poor people, travelers, expectant mothers, fishermen","1195-1231","Portugal/Italy","Male","compassionate; charitable; inspirational; humble; wise","Actions speak louder than words; let your words teach and your actions speak.; You may be the only Bible some people will ever read.; The greatest kindness one can render to any man is leading him to the truth.","St. Anthony of Padua","January 15 (Feast of St. Anthony in some traditions)","1195-1231","St. Anthony of Padua was a Portuguese friar who became a significant figure in the Franciscan Order. Renowned for his profound preaching and connection to the poor, he traveled widely across Italy, touching the lives of many. His legacy is celebrated globally, especially for his intercessions in finding lost items and his compassion for those in need.","St. Anthony's tongue is often depicted as a symbol of his eloquent preaching, and it is said to have remained incorrupt after his death."
"St. Thomas Aquinas","January 28","A profound Dominican theologian and philosopher, he is renowned for his seminal work, Summa Theologica.","students, scholars, universities, philosophers, educators","1225-1274","Italy","Male","intellectual; thoughtful; insightful; dedicated; humble","To one who has faith, no explanation is necessary. To one without faith, no explanation is possible.; The remedy for a wrong is not to be afraid of failure.; Happiness is secured through virtue; it is not a mere pleasure.","St. Thomas Aquinas","March 7 (Canonization); December 6 (Translations)","1225-1274","St. Thomas Aquinas was a Dominican friar and one of the most influential medieval philosophers and theologians. He integrated Aristotelian philosophy with Christian doctrine, profoundly shaping Western thought through his teachings. His intellectual legacy continues to inspire scholars and religious thinkers around the world.","St. Thomas Aquinas is often depicted in art with a dove, symbolizing his connection to the Holy Spirit and divine inspiration."
"St. Catherine of Siena","April 29","A prominent mystic and theologian, she played a crucial role in urging the papacy to return to Rome from Avignon.","Europe, fire prevention, nurses, bodily illnesses, dying people","1347-1380","Italy","Female","intellectual; wisdom; contemplation; mysticism; compassion","Every step of the way, you must know that you are on the road to Heaven.; Nothing great is ever achieved without much enduring.; You are rewarded not according to your work or your time but according to the measure of your love.","St. Catherine of Siena","March 25 (canonization)","1347-1380","St. Catherine of Siena, a devoted laywoman and member of the Dominican Order, devoted her life to prayer and service. Her mystical experiences and profound spiritual insights led her to become one of the first women ever to be declared a Doctor of the Church. Throughout her life, she advocated for the reform of the church and the return of the papacy to Rome.","St. Catherine experienced mystical visions that inspired her to write over 400 letters and various theological works, including her well-known 'Dialogue'."
"St. Joan of Arc","May 30","She led the French army to several important victories during the Hundred Years' War and was later martyred at the young age of 19.","France, soldiers, prisoners, martyrs, captives","1412-1431","France","Female","courage; leadership; conviction; determination; piety","I am not afraid; I was born to do this.; Act, and God will act.; If I am not in the grace of God, may God put me there; and if I am, may God so keep me.","St. Joan of Arc","January 6 (baptism), May 30 (execution)","1412-1431","St. Joan of Arc, a peasant girl from France, claimed to have received divine visions instructing her to support Charles VII in his claim to the French throne. At just 17, she courageously led troops into battle, dramatically changing the course of the war and securing the coronation of Charles VII. Captured by the English, she was executed for her beliefs, becoming a symbol of faith and courage in the face of oppression.","St. Joan of Arc is one of the few saints who was a military leader and is often referred to as the 'Maid of Orléans.'"
"St. Teresa of Ávila","October 15","A prominent Spanish mystic and reformer of the Carmelite Order.","headache sufferers, Spain, lace makers","1515-1582","Spain","Female","intellectual; wise; contemplative; mystical; reformist","Meditation is an act of love.; To have courage for whatever comes in life—everything lies in that.; In prayer, it is better to have a heart without words than words without a heart.","St. Teresa of Ávila","March 28; August 24","1515-1582","St. Teresa of Ávila was a pioneering figure in the reform of the Carmelite Order, emphasizing a return to a life of prayer and contemplation. Her mystical experiences and writings, including 'The Interior Castle', have had a profound influence on Christian spirituality. Canonized in 1614 and declared a Doctor of the Church in 1970, she remains a vital figure in the Catholic tradition.","St. Teresa was instrumental in the establishment of 17 convents across Spain, demonstrating her commitment to reforming religious life."
"St. Ignatius of Loyola","July 31","Founder of the Society of Jesus and author of the 'Spiritual Exercises'.","Soldiers, educators, retreats, spiritual leaders, Ignatian spirituality","1491-1556","Spain","Male","thoughtful; resilient; charismatic; insightful; passionate","If God is for us, who can be against us?; Go forth and set the world on fire.; It is not enough to love God; we must also love our neighbor.","St. Ignatius of Loyola","March 12 (canonization)","1491-1556","St. Ignatius of Loyola was a Spanish knight who experienced a profound spiritual conversion during his recovery from battle injuries. He founded the Society of Jesus in 1534, focusing on education, missionary work, and spiritual exploration. His influential work, the 'Spiritual Exercises', guides countless individuals in meditation and prayer.","St. Ignatius was once a soldier who sought glory in battle but transformed into a spiritual warrior dedicated to the service of God."
"St. Francis Xavier","December 3","St. Francis Xavier was a pioneering Jesuit missionary who played a vital role in spreading Christianity across Asia, particularly in India and Japan.","Missionaries, navigators, foreign missions","1506-1552","Spain","Male","compassionate; adventurous; resilient; charismatic; devout","The harvest is great, but the laborers are few.; I am more afraid of my own heart than of the hearts of the pagans.; Lord, I am your servant; I am your instrument.","St. Francis Xavier","December 4; March 12","1506-1552","St. Francis Xavier was one of the founding members of the Society of Jesus. He traveled extensively in his quest to evangelize and baptized thousands, facing great hardships. His commitment to his faith and dedication to spreading the message of Christ has made him one of the most revered missionaries in history.","Despite his extensive travels, St. Francis Xavier never returned to Europe after leaving in 1541."
"St. John of the Cross","December 14","A Carmelite mystic and poet, St. John of the Cross is renowned for his profound spiritual writings, particularly 'Dark Night of the Soul'.","poets, mystics, contemplatives","1542-1591","Spain","Male","contemplative; mystical; artistic; introspective; poetic","In the evening of life, we will be judged on love alone.; Where there is no love, put love—and you will find love.; Suffering sustained with joy is a great treasure.","St. John of the Cross","December 14 (feast day); January 1 (commemoration)","1542-1591","St. John of the Cross was a Spanish Carmelite friar and priest who played a crucial role in the reform of the Carmelite Order. He is celebrated for his deep mystical insights and poetic expressions of spiritual union with God. His works continue to inspire countless individuals seeking a deeper relationship with the divine.","St. John of the Cross was imprisoned for a time by fellow Carmelites who opposed his reform efforts, during which he composed some of his most exquisite poetry."
"St. Thérèse of Lisieux","October 1","Carmelite nun renowned for her 'Little Way' of spiritual childhood.","Missionaries, florists, tuberculosis patients","1873-1897","France","Female","contemplative; humble; joyful; loving; persistent","I will spend my heaven doing good on earth.; The only thing I can offer God is my sin and my need for His mercy.; A word or a smile is often enough to put joy in someone's heart.","St. Thérèse of Lisieux","January 2 (optional commemoration as 'Little Flower'); September 30 (Day of her patronage)","1873-1897","St. Thérèse of Lisieux, also known as the 'Little Flower,' lived a life of profound faith and simplicity within the cloistered walls of a Carmelite monastery. Her writings, especially 'Story of a Soul,' reveal her deep love for God and her commitment to the 'Little Way,' which emphasizes love and trust in God's grace over grand acts. Canonized in 1925, she is one of the most beloved saints in the Catholic Church and was declared a Doctor of the Church in 1997.","St. Thérèse is known for a miraculous story where she is said to have sent roses from heaven as a sign of her intercession."
"St. Patrick","March 17","St. Patrick is renowned for bringing Christianity to Ireland and using the shamrock to explain the Holy Trinity.","Ireland, engineers, excluded people","c. 385-461","Britain/Ireland","Male","determined; compassionate; courageous; humble; inspiring","Be still and know that I am God.; I arise today through a mighty strength, the invocation of the Trinity.; Christ be with me, Christ within me, Christ behind me, Christ before me.","St. Patrick","March 17 (Feast Day); c. 385 (Birth Year); 461 (Death Year)","c. 385-461","A bishop and missionary, St. Patrick played a crucial role in converting the Irish to Christianity during the 5th century. According to legend, he drove snakes out of Ireland, symbolizing the eradication of paganism. His teachings and use of everyday symbols made the Christian faith more accessible to the Irish people.","St. Patrick was kidnapped at the age of 16 and taken to Ireland as a slave before escaping and returning years later as a missionary."
"St. Augustine of Hippo","August 28","Influential bishop and philosopher, authoring significant theological works.","theologians, printers, brewers","354-430","North Africa","Male","intellectual; thoughtful; wise; influential; passionate","Our hearts are restless until they find rest in You.; I would not believe in the Gospel if the authority of the Catholic Church did not move me to do so.; The world is a book, and those who do not travel read only one page.","St. Augustine of Hippo","November 13 (death); September 14 (translation of relics)","354-430","St. Augustine of Hippo was a 4th-century theologian whose thoughts fundamentally shaped Christian doctrine. Known for his profound writings, especially the 'Confessions' and 'City of God', he played a pivotal role in the development of Western Christianity. His journey from a life of indulgence to a devout Christian exemplifies the transformative power of faith.","He was an avid seeker of truth, even after a youth filled with a hedonistic lifestyle and skepticism about religion."
"St. Benedict","July 11","Founder of the Benedictine Order and author of the Rule of St. Benedict.","Europe, monks, students, poison sufferers","c. 480-547","Italy","Male","intellectual; thoughtful; disciplined; nurturing; spiritual","If you are a man of peace, you can never be a man of quarrels.; Listen carefully, my child, to the teachings of the masters and incline the ear of your heart.; Vigilance is the price of freedom.","St. Benedict","March 21 (some traditions); July 11 (Roman Catholic Church); February 14 (Eastern Orthodox Church)","c. 480-547","St. Benedict, born in Italy around 480, is renowned for establishing monasticism in the West through his influential Rule, which emphasizes balance, moderation, and the quest for God. His work laid the foundation for Western Christian monastic life, and his teachings continue to inspire countless individuals seeking spiritual growth and community living. Revered by many as the father of monasticism, he is celebrated for his dedication to prayer and work.","St. Benedict is often depicted with a raven, which according to legend, intercepted a poisoned chalice meant for him."
"St. Scholastica","February 10","Lifelong dedication to monastic life and influence on the Benedictine order.","Nuns, education, convulsive children","c. 480-543","Italy","Female","compassionate; devout; intelligent; inspiring; nurturing","I beg you, do not deprive me of your presence.; As the mother of the sisters, I will lead them to seek the Lord in all things.; Love is the fulcrum of all my actions in the service of the Lord.","St. Scholastica","February 10; c. 480-543","c. 480-543","St. Scholastica was a devoted follower of Christ and the twin sister of St. Benedict, the founder of Western monasticism. She established the Women's Benedictine order and dedicated her life to prayer, teaching, and the spiritual growth of her sisters. Her life exemplified the harmony of contemplation and service, influencing many within the faith.","St. Scholastica is believed to have performed miracles, including one where she prayed for a storm to prevent her brother from leaving her, showing her deep connection to God."
"St. Gregory the Great","September 3","Pope who significantly reformed the liturgy and initiated missions to convert pagans.","musicians, teachers, popes, students, سوریه","c. 540-604","Rome","Male","intellectual; charismatic; visionary; compassionate; determined","In all things, may your glory be reflected in us.; The greatest service which can be rendered to any man is to lead him to the truth.; The more we let God be God, the more he reveals Himself to us.","St. Gregory the Great","March 12","c. 540-604","St. Gregory the Great was the 64th pope, serving from 590 to 604 AD. He was known for his theological writings and the Gregorian Chant, which influenced Western liturgical music. His leadership and reforms helped shape the Roman Catholic Church during a time of political instability and cultural change.","St. Gregory is considered the first pope to come from a monastic background, which influenced his approach to church reform and governance."
"St. Boniface","June 5","The Apostle to the Germans, renowned for his missionary work and martyrdom.","Germany, brewers, tailors","c. 675-754","England/Germany","Male","determined; compassionate; fearless; devout; inspirational","The one who bears the torch of Christ will break the darkness that surrounds us.; Let us pray for one another; for where there is love, God is present.; In the end, love is the root of all that we do in His name.","St. Boniface","May 30 (pre-1955 liturgical calendar)","c. 675-754","St. Boniface, originally named Wynfrith, dedicated his life to converting the Germanic tribes to Christianity. He is celebrated for his unwavering faith and was martyred in Friesland while on a mission to strengthen the church. His legacy includes the establishment of monasteries and the reform of church practices in the region.","St. Boniface is credited with the legendary act of felling a sacred oak tree, which he used to demonstrate the power of the Christian faith by showing that a new, small tree could grow from its remains."
"St. Nicholas","December 6","A beloved bishop renowned for his acts of charity and compassion.","Children, sailors, merchants, Russia, archers","c. 270-343","Turkey","Male","compassionate; generous; humble; wise; charitable","I will not let my hand fall away from what I serve.; In the face of adversity, true generosity is forged.; When you give, do so quietly, for the goodness in your heart is the greatest reward.","St. Nicholas","December 19 (Eastern Orthodox)","c. 270-343","St. Nicholas, the Bishop of Myra, was known for his unwavering generosity and dedication to serving the needy. His legendary deeds of secret gift-giving laid the foundation for modern traditions of Santa Claus. Celebrated for his compassion, he is a beloved figure among Christians, deeply revered in both Western and Eastern traditions.","St. Nicholas is said to have saved three poor sisters from being sold into slavery by providing them with dowries."
"St. George","April 23","St. George is revered as a soldier and martyr, famous for slaying a dragon as a symbol of good triumphing over evil.","England, soldiers, knights, skin diseases, scouts","d. c. 303","Turkey","Male","brave; noble; valiant; devout; determined","I will not be ashamed, for I am a soldier of Christ.; The greatest enemy is not the one who kills, but the one who allows himself to be killed.; With a pure heart, I fight for the truth.","St. George","April 23; November 3","d. c. 303","St. George, a Roman soldier of Greek origin, is one of Christianity’s most venerated saints. He is best known for his legendary battle against a dragon, a tale that symbolizes the struggle between faith and adversity. His courage in martyrdom has made him a patron saint of various groups, inspiring many through the centuries.","St. George is the patron saint of several countries, including England, Portugal, and Georgia."
"St. Lucy","December 13","A brave virgin martyr whose name means 'light', symbolizing her faith amid persecution.","blind, eye disorders, writers, actors, salesmen","d. 304","Sicily","Female","courageous; compassionate; devout; determined; inspirational","I choose to be a Christian, and I will endure any suffering for my faith.; Do not let the fears of today interfere with the hopes of tomorrow.; In the midst of peril, my faith is my shield.","St. Lucy","December 13; February 13","d. 304","St. Lucy was a Christian martyr who lived during the Diocletian persecution in the early 4th century. She is remembered for her unwavering faith and dedication to God, which ultimately led to her tragic death. Her story serves as an inspiration to many, especially those enduring struggles related to vision and clarity.","St. Lucy's name is the root of the word 'lucid', which means clear and bright, reflecting her association with light."
"St. Sebastian","January 20","St. Sebastian was a Christian martyr who inspired many through his unwavering faith and courage.","Athletes, soldiers, plague victims","d. c. 288","Rome","Male","courage; strength; determination; faithfulness; sacrifice","Your faith is your shield, and your conviction is your sword.; I am a Christian, and I die for my faith.; What a joy it is to suffer for Christ!","St. Sebastian","December 18","d. c. 288","St. Sebastian was born in Rome and became a soldier of the Roman Empire. His strong Christian faith compelled him to secretly help imprisoned Christians, which ultimately led to his martyrdom. He is often depicted tied to a tree and shot with arrows, symbolizing his steadfastness in the face of persecution.","Despite being shot with arrows and left for dead, St. Sebastian survived and was subsequently healed, only to be martyred again."
"St. Cecilia","November 22","A virgin martyr who is celebrated for her unwavering faith and her musical devotion to God.","Musicians, singers, poets","d. c. 230","Rome","Female","courage; musicality; inspiration; devotion; creativity","From the moment of my birth, I have been destined to be in the presence of God.; Let my heart be sanctified by the music of the angels.; May I be worthy of the songs that magnify Your name.","St. Cecilia","March 9 (for some traditions)","d. c. 230","St. Cecilia is revered as the patron saint of musicians, reflecting her enduring legacy as a symbol of music and art. According to tradition, she sang to God even during her martyrdom, exemplifying her deep faith and commitment. Her life and death inspire countless artists and believers to express their faith through music and creativity.","St. Cecilia's feast day is celebrated during the time of year when many musicians honor her by putting on concerts and musical performances."
"St. Lawrence","August 10","Deacon martyred on a gridiron for his faith and generosity.","Cooks, librarians, comedians","d. 258","Rome","Male","service; charity; compassion; generosity; conviction","The church is truly rich, not because it has a lot of money, but because it has the wealth of the faith of its people.; I am not in pain, for I know I am doing the work of God.; Where there is charity and wisdom, there is neither fear nor ignorance.","St. Lawrence","d. 258","d. 258","St. Lawrence was a devoted deacon in Rome who became known for his unwavering faith and service to the poor. He bravely faced his martyrdom around the year 258, famously being roasted alive on a gridiron while expressing his unshakeable faith. His legacy continues to inspire acts of charity and comedic humility in the face of adversity.","St. Lawrence is often depicted with a gridiron and was known for humorously telling his executioners to turn him over because he was done on one side."
"St. Stephen","December 26","St. Stephen is recognized as the first Christian martyr, who was stoned to death for his faith.","Deacons, stonemasons, headaches","d. c. 34","Jerusalem","Male","courage; faithfulness; devotion; perseverance; selflessness","Behold, I see the heavens opened and the Son of Man standing at the right hand of God.; Forgive them, Lord, for they know not what they do.; He was full of faith and the Holy Spirit.","St. Stephen, the First Martyr","December 26, January 1 (for the observance of the Holy Innocents in some traditions)","d. c. 34","St. Stephen was one of the first seven deacons appointed in the early Church, chosen for his faith and wisdom. His unwavering devotion to Christ and his eloquent defense of the faith led to his martyrdom outside Jerusalem, making him a powerful symbol of conviction. His legacy inspires countless Christians today to stand firm in their beliefs, even in the face of persecution.","St. Stephen is traditionally associated with the custom of giving gifts on the day after Christmas, which has become known as St. Stephen's Day."
"St. Dominic","August 8","St. Dominic was the founder of the Dominican Order and is renowned for promoting the Rosary.","Astronomers, scientists, Dominican Republic","1170-1221","Spain","Male","prayerful; disciplined; community-oriented; devout; charismatic","In all things, may God be glorified.; You must preach the truth with your life as well as with your words.; It is not enough to love the truth; it must be pursued and proclaimed.","St. Dominic","September 24 (Transitus of St. Dominic)","1170-1221","St. Dominic was born in Spain and dedicated his life to preaching and educating in the faith. He founded the Order of Preachers, known for their commitment to study and contemplation along with active ministry. His legacy persists through the widespread devotion to the Rosary and the work of Dominicans worldwide.","St. Dominic is often depicted with a dog carrying a torch, symbolizing his mission to spread the light of truth."
"St. Bernard of Clairvaux","August 20","St. Bernard of Clairvaux was a prominent Cistercian abbot and influential theologian known for his role in promoting the Second Crusade.","beekeepers, candle makers, Gibraltar","1090-1153","France","Male","intellectual; wise; contemplative; charismatic; influential","What we love, we shall never lose.; The road to hell is paved with good intentions.; To love is to be transformed into what we love.","St. Bernard of Clairvaux","August 20; January 1","1090-1153","St. Bernard of Clairvaux was born in 1090 in France, becoming a prominent Cistercian abbot whose spiritual leadership shaped medieval spirituality. He was instrumental in promoting the Second Crusade, emphasizing the importance of spiritual warfare alongside physical battles. Renowned for his eloquent writings and deep contemplation, Bernard left a lasting legacy on Christian theology and monastic life.","St. Bernard is often credited with developing the concept of the 'knight of Christ', blending chivalry with faith."
"St. Bonaventure","July 15","St. Bonaventure was a prominent Franciscan theologian and a Doctor of the Church.","bowel disorders, theologians","1221-1274","Italy","Male","intellectual; wise; inspiring; disciplined; compassionate","Devotion without knowledge is like a flame without light.; It is better to desire to be humble than to be humble without desiring it.; We can easily forgive a child who is afraid of the dark; the real tragedy of life is when men are afraid of the light.","St. Bonaventure","December 2; January 16 (optional feast)","1221-1274","St. Bonaventure, born in Italy, was a central figure in the development of Franciscan theology. He served as the Minister General of the Franciscan Order and became a cardinal, deeply influencing the Church with his writings and teachings. As a Doctor of the Church, he is revered for his intellectual contributions and spiritual guidance.","St. Bonaventure is often referred to as the 'Seraphic Doctor' due to his profound insights into the nature of God and love."
"St. Albertus Magnus","November 15","St. Albertus Magnus was a renowned Dominican scholar and a pioneer in the integration of faith and reason.","scientists, philosophers, medical technicians, students, natural sciences","c. 1200-1280","Germany","Male","intellectual; teaching; insightful; empathetic; diligent","We must love our neighbor as being made in the image of God and as an object of His love.; To know something is to know it in its whole; the essence is what matters.; The greatest minds are capable of the greatest vices as well as of the greatest virtues.","St. Albertus Magnus","July 15; November 15","c. 1200-1280","St. Albertus Magnus, known as the Universal Doctor, made significant contributions to various fields, including biology, chemistry, and philosophy. He was a mentor to St. Thomas Aquinas and emphasized the importance of observation and reason in understanding the natural world. His blend of scientific inquiry and theological insight set the stage for later developments in both areas.","St. Albertus was the first doctor of the Church to be canonized and is often referred to as the 'Patron Saint of the Natural Sciences'."
"St. Louis IX","August 25","St. Louis IX was a devout king known for his strong sense of justice and leading two crusades.","France, tertiary Franciscans, barbers","1214-1270","France","Male","devotion; justice; compassion; humility; leadership","If I could be king of France on such conditions as these, I would be satisfied.; Justice consists in the due observance of the divine law.; I would rather die than sin deliberately.","St. Louis IX","September 29","1214-1270","St. Louis IX ruled as King of France from 1226 until his death in 1270, exemplifying the role of a monarch devoted to his faith and his people. He famously led the Seventh and Eighth Crusades and worked tirelessly to promote peace and social justice throughout his realm. His dedication to charity and the care of the poor earned him lasting reverence in the Catholic Church, ultimately leading to his canonization in 1297.","St. Louis IX is the only French king to be canonized as a saint."
"St. Elizabeth of Hungary","November 17","A princess known for her extraordinary charity and care for the poor.","bakers, charities, homeless, nursing services","1207-1231","Hungary","Female","compassionate; generous; humble; devout; selfless","My Lord and my God, I will serve you with a love that knows no bounds.; In serving the poor and the sick, I find my greatest joy.; Let my hands be instruments of compassion unto the world.","St. Elizabeth of Hungary","","1207-1231","Born in 1207, Elizabeth was the daughter of the King of Hungary and chose to live a life of poverty despite her royal status. She devoted herself to serving the sick and the poor, famously founding a hospital and providing for many through her own resources. Her unwavering faith and commitment to charity made her a beloved figure, and she was canonized just four years after her death in 1231.","St. Elizabeth is credited with performing miracles, including the transformation of bread into roses to conceal her charitable acts from her husband."
"St. Margaret of Scotland","November 16","Reforming the Scottish church and her dedication to helping the poor.","Scotland, queens, large families, struggling mothers","c. 1045-1093","Scotland","Female","devotion; compassion; generosity; service; leadership","What you do for the least of these, you do for me.; I must be the servant of all.; In all things, charity.","St. Margaret of Scotland","November 16","d. 1093","St. Margaret of Scotland was an English princess who became queen consort of Scotland in the 11th century. She was instrumental in reforming the Scottish church and was known for her unwavering charity towards the poor and her dedication to education and welfare. Her legacy continues to inspire many, emphasizing the power of compassion and service to others.","St. Margaret's efforts in Scotland led to significant improvements in the country’s religious practices and education during her lifetime."
"St. Bridget of Sweden","July 23","A mystic and founder of the Bridgettine Order who received profound spiritual revelations.","Sweden, widows, pilgrims","c. 1303-1373","Sweden","Female","compassionate; visionary; devout; resilient; charismatic","I am not asking you to make me happy, but to help me accept my sufferings.; Lord, I want to see You in my heart and in my life, as You want me to see You.; Fear not, for I will always be with you, guiding you in your journey of faith.","St. Bridget of Sweden","February 1 (Feast of St. Bridget in Sweden)","1303-1373","St. Bridget of Sweden was a noblewoman who devoted her life to prayer and service after the death of her husband. She received numerous visions and revelations that guided her in her mission to reform the Church and address social injustices. Her legacy includes the establishment of the Bridgettine Order, which emphasizes community life and dedication to education and care for the poor.","St. Bridget is known for her role in promoting the importance of the Holy Family and the Seven Sorrows of Mary, which were central to her spirituality."
"St. Catherine of Alexandria","November 25","A Christian martyr known for her intellect and eloquent debates with pagan philosophers.","philosophers, students, wheel makers","d. c. 305","Egypt","Female","intellectual; courageous; wise; dedicated; passionate","O God, You are the light of my mind and the guide of my soul.; I am not afraid of your tortures; I am willing to die for my faith.; The more I endure, the more I know His love.","St. Catherine of Alexandria","November 24; April 29","d. c. 305","St. Catherine of Alexandria was a learned young woman who bravely debated the finest pagan philosophers of her time. After refusing to renounce her faith, she was imprisoned and tortured, ultimately facing martyrdom on an iron wheel. Her steadfast commitment to her beliefs has made her an enduring symbol of wisdom and courage in the face of oppression.","St. Catherine is one of the few saints who is not a martyr recorded in the Bible, yet her legacy has inspired countless believers throughout the centuries."
"St. Martin of Tours","November 11","A soldier who became a compassionate bishop known for his acts of charity.","Soldiers, France, equestrians, innkeepers, and beggars","c. 316-397","France","Male","compassionate; generous; humble; courageous; inspirational","I am a soldier of Christ, I cannot fight.; What you do for the least of my brethren, you do for me.; The very act of sharing my cloak restored the man’s dignity.","St. Martin of Tours","February 14; April 8","c. 316-397","St. Martin of Tours was born into a Roman military family in what is now Hungary. He famously tore his military cloak in two to share with a beggar during a snowstorm, a gesture that would define his life as one of charity and leadership. Later, he became the Bishop of Tours and played a significant role in the spread of Christianity in Gaul.","St. Martin is one of the most well-known saints in Christianity and is often depicted on horseback, cutting his cloak in two."
"St. Ambrose","December 7","St. Ambrose was a key figure in the early Church, known for his role as Bishop of Milan and his influence on St. Augustine.","Milan, beekeepers, learning, students, candle makers","c. 340-397","Italy","Male","intellectual; wise; compassionate; influential; courageous","Where there is no struggle, there is no virtue.; To have Christ is to have all, and to have all is to be utterly without want.; The greatest gifts are not those we can hold in our hands, but those we hold in our hearts.","St. Ambrose","December 8 (Solemnity of the Immaculate Conception in some traditions)","c. 340-397","St. Ambrose, born around 340 in Italy, became the Bishop of Milan and was instrumental in the development of early Church doctrine. He is renowned for his preaching and theological writings, which helped shape Christian thought during a pivotal time in history. His efforts in catechesis and evangelization significantly influenced many, including the conversion of St. Augustine.","St. Ambrose is credited with introducing hymns into the liturgical practice of the Church, which led to the development of Ambrosian chant."
"St. Jerome","September 30","Translator of the Bible into Latin, known as the Vulgate.","librarians, translators, students, archaeologists, biblical scholars","c. 347-420","Croatia/Palestine","Male","intellectual; dedicated; resilient; pensive; scholarly","Ignorance of scripture is ignorance of Christ.; The Bible is a medicine for the soul.; Your sacred scripture is an excellent guide to the spiritual life.","St. Jerome","September 30; c. 347-420","c. 347-420","St. Jerome was a distinguished theologian and scholar known for his translation of the Bible into Latin, which became known as the Vulgate. He spent a significant part of his life in a monastery in Bethlehem, where he dedicated himself to the study of scripture and wrote extensively on theological matters. His profound insights and ascetic lifestyle made him a pivotal figure in the development of Christian doctrine and biblical scholarship.","St. Jerome is often depicted with a lion because, according to legend, he removed a thorn from a lion's paw, and the lion remained his companion."
"St. Monica","August 27","She is celebrated as the mother of St. Augustine, who underwent a remarkable conversion due in large part to her persistent prayers.","mothers, widows, victims of abuse, difficult marriages, alcoholics","331-387","North Africa","Female","devoted; perseverant; compassionate; steadfast; hopeful","Nothing is far from God.; I had no idea that the secret of my conversion was my mother’s tears.; Wherever you go, I will follow, and I will never desert you.","St. Monica","331-387","d. 387","St. Monica was a woman of profound faith and unwavering resolve, dedicated to the conversion of her wayward son, Augustine. Through years of heartfelt prayers and patience, she witnessed his transformation into one of the Church's greatest saints. Her life story exemplifies the power of maternal love and the importance of hope in times of struggle.","St. Monica is often depicted in art holding a teardrop or a book, symbolizing her sorrowful prayers and her son's eventual writings."
"St. John Chrysostom","September 13","St. John Chrysostom was a prominent archbishop and influential preacher known for his exceptional eloquence.","Preachers, Constantinople, epilepsy","c. 347-407","Syria/Turkey","Male","intellectual; wise; charismatic; compassionate; courageous","The devil is afraid of us when we pray and make sacrifices.; Wealth is not the issue, but how we use it determines our conscience.; Let us be concerned for one another, to stir up one another to love and good works.","St. John Chrysostom","January 27 (Western oriented calendar and feast day in some traditions); November 13 (Eastern Orthodox Church)","c. 347-407","St. John Chrysostom, born in Antioch, became renowned for his remarkable preaching abilities, earning him the title 'Chrysostom' which means 'Golden-Mouthed.' As Archbishop of Constantinople, he advocated for the poor and sought reforms in the Christian community, often provoking the ire of powerful figures. His theological contributions and writings, particularly on the Divine Liturgy and moral living, cemented his legacy as a Doctor of the Church.","St. John Chrysostom was exiled multiple times due to his outspoken criticism of corruption within the Church and the state."
"St. Athanasius","May 2","A champion of Trinitarian orthodoxy and a key figure in early Christian theology.","theologians, Alexandria","c. 296-373","Egypt","Male","intellectual; wise; leadership; activist; conviction","The Son of God became man so that we might become God.; For the Son of God became man, and the Word was made flesh.; It is the peculiar mark of true discipleship to stand fast in the faith and to resist false teaching.","St. Athanasius","May 15 (Coptic), January 18 (Orthodox)","c. 296-373","St. Athanasius was a fourth-century bishop of Alexandria who ardently defended the doctrine of the Trinity against the Arian heresy. Renowned for his intellectual rigor and strong leadership, he faced numerous exiles for his beliefs and played a critical role in the Nicene Council. His theological writings and pastoral guidance have significantly shaped Christian thought and practice.","In addition to being a theologian, he was also a prolific writer, composing works that would influence Christian doctrine for centuries."
"St. Cyril and Methodius","February 14","Evangelizing the Slavic peoples and creating the Cyrillic alphabet.","Europe, ecumenism, missionaries, Slavic peoples, educators","9th century","Greece","Male","missionary; dedicated; intellectual; compassionate; influential","Let us teach the faith to all those who are far from the truth.; To be a true disciple is to listen to God's word and spread it to others.; Wherever we go, we must carry the light of Christ within us.","St. Cyril and Methodius","May 11 (Commemoration of St. Cyril); April 6 (Commemoration of St. Methodius)","827-885","St. Cyril and Methodius were two brothers from Greece who played a pivotal role in spreading Christianity among the Slavic nations. They are credited with developing the Glagolitic script, which was a precursor to the Cyrillic alphabet, allowing Slavic peoples to read and write in their own language. Their dedication to education and evangelization laid the foundation for the rich Christian heritage of Eastern Europe.","St. Cyril is often celebrated not just for his religious contributions but also for his significant impact on linguistic development in Slavic cultures."
"St. John Vianney","August 4","St. John Vianney was a humble parish priest renowned for his dedication to the sacrament of confession and pastoral care.","Priests, confessors, catechists, parish priests, and the clergy","1786-1859","France","Male","devout; humble; persevering; compassionate; wise","The priest is not a priest for himself, he is a priest for you.; If you are not a saint, it is not your fault.; Life is like a journey to heaven; don't wander too far from your path.","St. John Vianney","February 4 (death anniversary)","1786-1859","St. John Vianney, also known as the Curé of Ars, dedicated his life to the spiritual well-being of his parishioners in Ars, France. His exceptional ability in hearing confessions attracted pilgrims from all over Catholic Europe, who sought his counsel and spiritual guidance. Despite facing numerous challenges, including illness and a lack of formal education, his unwavering faith and pastoral commitment transformed countless lives.","St. John Vianney reportedly spent up to 16 hours a day in the confessional, earning him the title of the 'Curé of Ars'."
"St. Bernadette","April 16","A visionary who reported 18 apparitions of the Virgin Mary in Lourdes.","illness, poverty, shepherds","1844-1879","France","Female","mystical; humble; gentle; faithful; resilient","I cannot promise you happiness in this life, but I can promise you happiness in the next.; The Lord told me that I would be happy in heaven.; I saw a lady dressed in white, and she spoke to me.","St. Bernadette","February 11 (Apparitions at Lourdes)","1844-1879","St. Bernadette Soubirous was a simple peasant girl who experienced a series of visions of the Blessed Virgin Mary in a grotto near Lourdes, France. Her encounters led to the establishment of Lourdes as a major pilgrimage site, where many seek healing and solace. Despite her humble origins, her unwavering faith and deep spirituality left a lasting impact on the Church and the world.","St. Bernadette was later canonized by Pope Pius XI in 1933, and her body is incorrupt, lying in a glass case at the convent of St. Gildard in Nevers, France."
"St. John Bosco","January 31","Founder of the Salesian Society, dedicated to the education and welfare of young people.","youth, students, editors, apprentices, magicians","1815-1888","Italy","Male","caring; innovative; charismatic; dedicated; empathetic","Run, mend your nets, and do not forget that your net is your life.; To be good, the heart must be good.; It is not enough to love the young; they must know that they are loved.","St. John Bosco","August 16 (Salesian founding); April 2 (Death anniversary)","1815-1888","St. John Bosco, born in Italy, was a visionary educator who dedicated his life to uplifting underprivileged youth through practical education and spiritual guidance. He founded the Salesians, an order committed to providing education and support to boys in need. His innovative teaching methods and heartfelt approach have left a lasting impact on countless lives across the globe.","St. John Bosco had a deep love for magic tricks and used his skills to entertain children while teaching them moral values."
"St. Vincent de Paul","September 27","He dedicated his life to serving the poor and founded the Vincentians and the Daughters of Charity.","charities, volunteers, hospitals, the poor, and rescuers","1581-1660","France","Male","compassionate; generous; humble; dedicated; inspirational","It's not enough to give from our abundance; we must give until it hurts.; The first thing we should do is love God with all our heart; and then love our neighbor as ourselves.; It is not sufficient for us to love God; we must also love our neighbor.","St. Vincent de Paul","January 25 (Feast of the Conversion of St. Paul, a day celebrated by Vincentians)","1581-1660","St. Vincent de Paul was a French priest renowned for his commitment to helping the impoverished and vulnerable. He established the Congregation of the Mission and the Daughters of Charity, organizations that continue to serve communities worldwide. His legacy of compassion and service inspired many to dedicate their lives to acts of charity.","St. Vincent de Paul was originally kidnapped by pirates and spent time as a slave in Tunisia before returning to France."
"St. Louise de Marillac","March 15","Co-founder of the Daughters of Charity alongside St. Vincent de Paul.","social workers, widows, sick people","1591-1660","France","Female","compassionate; dedicated; nurturing; visionary; selfless","We must strive to be all things to all people.; If we truly love God, we will do everything for Him.; The true state of our hearts will be known by the charity we show.","St. Louise de Marillac","November 15 (Daughters of Charity)","1591-1660","St. Louise de Marillac was a pioneering figure in the 17th century, dedicated to serving the poor and marginalized in society. She established the Daughters of Charity to further St. Vincent de Paul's mission of charitable service and education. Her legacy continues to inspire countless individuals in acts of compassion and social justice worldwide.","St. Louise de Marillac is often credited with introducing a more structured approach to charitable work, which laid the foundation for modern social work."
"St. Margaret Mary Alacoque","October 16","St. Margaret Mary Alacoque is renowned for her role in promoting the devotion to the Sacred Heart of Jesus.","Devotees of Sacred Heart, polio","1647-1690","France","Female","devout; compassionate; mystical; tenacious; spiritual","Behold this Heart which has loved men so much.; The more we are united to God in prayer, the more we shall possess Him.; My heart is like a furnace of love; it is a furnace of charity.","St. Margaret Mary Alacoque","June 21; October 17","1647-1690","Born in France, St. Margaret Mary Alacoque was a nun of the Visitation Order who received mystical revelations about the love of Jesus towards humanity. Her profound experiences led her to advocate for the devotion to the Sacred Heart, emphasizing the importance of Christ's love and mercy. She founded the First Friday devotion and contributed to the establishment of the Feast of the Sacred Heart in the Church calendar.","St. Margaret Mary was initially met with skepticism and resistance within her religious community for her visions, but she persisted in her mission."
"St. John of God","March 8","St. John of God is revered for founding the Brothers Hospitallers, dedicated to caring for the sick.","hospitals, nurses, sick people, heart patients, the mentally ill","1495-1550","Portugal/Spain","Male","compassionate; dedicated; selfless; empathetic; inspirational","Be careful to keep the love of Christ always in your heart.; The greatest service which can be rendered to any man is to help him know God.; We should all be in the service of the needy with the utmost love.","St. John of God","March 8; November 8","1495-1550","Born in Portugal and later moved to Spain, St. John of God experienced a dramatic conversion that led him to dedicate his life to the service of the needy. He established a religious order that focused on providing compassionate care to the sick and suffering, emphasizing the dignity of each person. His legacy continues through the work of the Brothers Hospitallers, who carry on his mission of love and healing.","St. John of God’s feast day is celebrated in various countries, and his influence has led to the celebration of a unique festival in his honor, featuring parades and acts of charity."
"St. Camillus de Lellis","July 14","St. Camillus de Lellis founded the Order of Servants of the Sick, revolutionizing hospital care.","nurses, hospitals, sick people, the dying, health care workers","1550-1614","Italy","Male","compassionate; dedicated; visionary; humble; selfless","The sick are my masters, and it is my duty to serve them with great joy.; To care for anyone else so sick and alone is the greatest honor.; Compassion is the fuel that drives my service to the ill; it is my life's mission.","St. Camillus de Lellis","","1550-1614","St. Camillus de Lellis, born in 1550 in Italy, led a life dedicated to the sick and suffered from his own health issues that deepened his compassion. After a spiritual conversion, he founded the Camillians, a religious order committed to healthcare service in hospitals and communities. His legacy continues to inspire modern nursing practices and the ethical treatment of patients.","St. Camillus is known for carrying a large cross, symbolizing his devotion to Christ and service to the sick."
"St. Alphonsus Liguori","August 1","St. Alphonsus Liguori was a renowned moral theologian and the founder of the Redemptorist congregation.","confessors, moral theologians, arthritis","1696-1787","Italy","Male","intellectual; compassionate; humble; dedicated; spiritual","It is better to be a sinner who seeks God than a righteous person who is indifferent to God.; Prayer is the key that opens the heart of God.; The Holy Eucharist is the food of the soul; it is the refreshment of the weary.","St. Alphonsus Liguori","September 14 (death anniversary); August 1 (feast day in some calendars)","1696-1787","Born in Naples, Italy, St. Alphonsus Liguori was a brilliant scholar who dedicated his life to serving the poor and the sick. He became known for his profound moral teachings and pastoral care, founding the Congregation of the Most Holy Redeemer to evangelize the poor. His legacy as a Doctor of the Church continues to inspire those devoted to moral theology and spiritual growth.","St. Alphonsus was an accomplished musician and wrote several hymns that are still in use today."
"St. Frances Xavier Cabrini","November 13","She was the first naturalized American citizen to be canonized as a saint.","immigrants, hospital administrators, orphans, the sick","1850-1917","Italy/USA","Female","compassionate; resilient; dedicated; visionary; nurturing","It is not you who will be speaking; it is the Spirit of your Father who will be speaking in you.; Have courage and be kind, and never forget your mission to serve.; The greatest joy of the heart is to channel the Lord’s love through our daily actions.","St. Frances Xavier Cabrini","December 22, 1850; December 22, 1917","1850-1917","St. Frances Xavier Cabrini, known as Mother Cabrini, dedicated her life to serving Italian immigrants in the United States. She founded the Missionary Sisters of the Sacred Heart, establishing numerous schools, hospitals, and orphanages throughout the country. Her unwavering spirit and commitment to her mission earned her the title of the patron saint of immigrants.","She was an asthmatic child and faced many health challenges but went on to travel extensively to serve her community."
"St. Elizabeth Ann Seton","January 4","St. Elizabeth Ann Seton is recognized as the first native-born American saint and the founder of the Sisters of Charity.","Catholic schools, widows, seafarers","1774-1821","USA","Female","compassionate; dedicated; inspirational; resilient; humble","If I cannot see God in the ways I want, I take care to see Him in the way He is.; The condition of the heart is this: the clearness of intention to do good.; We must pray without ceasing, in every occurrence and employment of our lives.","St. Elizabeth Ann Seton","August 4 (Death), January 4 (Feast Day)","1774-1821","St. Elizabeth Ann Seton was a devoted wife and mother who faced personal tragedies, including the loss of her husband. She responded to her call to serve God by founding the first Catholic school in the United States and established the Sisters of Charity. Her legacy continues in the mission of education and charitable service throughout the country.","St. Elizabeth Ann Seton opened the first free Catholic school in the United States in 1809."
"St. Katharine Drexel","March 3","Katharine Drexel founded the Sisters of the Blessed Sacrament and dedicated her life to serving Native Americans and African Americans.","racial justice, philanthropists","1858-1955","USA","Female","service; compassion; leadership; community; justice","I would rather spend my time in pursuing a great cause than in being a collector of antiques.; Every encounter with Jesus should empower us to serve others.; The greatest gift we can give to the world is to be filled with love and compassion for our neighbors.","St. Katharine Drexel","March 3; November 14","1858-1955","St. Katharine Drexel was a wealthy heiress who chose to dedicate her fortune to the service of marginalized communities. She established a religious order and helped to found over 60 schools, significantly advancing education for Native Americans. Her commitment to social justice and racial equality has inspired countless individuals in their pursuit of justice.","St. Katharine Drexel is the second American-born saint to be canonized by the Catholic Church."
"St. Teresa of Calcutta","September 5","St. Teresa of Calcutta is renowned for her unwavering dedication to serving the poorest of the poor through the Missionaries of Charity.","World Youth Day, Calcutta","1910-1997","Albania/India","Female","compassion; humility; dedication; servitude; leadership","Not all of us can do great things. But we can do small things with great love.; If you judge people, you have no time to love them.; Peace begins with a smile.","St. Teresa of Calcutta","1910-1997","1910-1997","St. Teresa of Calcutta, born in Albania, dedicated her life to caring for the destitute and dying in the streets of Calcutta, India. She founded the Missionaries of Charity in 1950, which has grown to include thousands of members worldwide. Her selfless acts of love and service earned her the Nobel Peace Prize in 1979, but she always emphasized that the true reward was in serving God through others.","Despite her immense fame, St. Teresa preferred to live a life of humility and simplicity, often opting for a single pair of sandals and a basic diet."
"St. Edith Stein","August 9","A Jewish philosopher who converted to Catholicism, became a Carmelite nun, and was martyred at Auschwitz.","Europe, loss of parents, martyrs","1891-1942","Germany","Female","intellectual; compassionate; brave; spiritual; insightful","To be a saint is to be a lover of the truth.; The nation doesn't simply have a story, it is a story. It can live only to the extent that its life conforms to the truth.; The Lord is not a tyrant, but He desires our love and partnership.","St. Edith Stein","January 1 (Carmelite feast)","1891-1942","St. Edith Stein, also known as St. Teresa Benedicta of the Cross, was a brilliant philosopher and theologian whose writings recognized the dignity of women in the Church. After converting from Judaism to Catholicism, she joined the Carmelite order and devoted her life to prayer and teaching. Tragically, she was arrested during World War II and died in Auschwitz, yet her legacy continues to inspire many today.","St. Edith Stein is the only Jewish-born woman to be canonized as a saint in the Catholic Church."
"St. John Paul II","October 22","Pope for 27 years, instrumental in the fall of communism, and founder of World Youth Day.","World Youth Day, families, Poland","1920-2005","Poland","Male","compassionate; charismatic; visionary; devoted; determined","Do not be afraid to open the doors to Christ.; The future starts today, not tomorrow.; Life with Christ is a wonderful adventure.","St. John Paul II","May 18, 1920; April 2, 2005","1920-2005","St. John Paul II, born Karol Wojtyła, was the first non-Italian pope in 455 years and served from 1978 to 2005. He played a crucial role in the downfall of communism in Eastern Europe, advocating for human dignity and rights. His legacy includes a profound pastoral outreach, particularly to the youth, and a commitment to ecumenism and interfaith dialogue.","He was an avid outdoorsman and loved hiking, skiing, and canoeing."
"St. Padre Pio","September 23","A revered Capuchin friar known for his stigmata, spiritual gifts, and deep dedication to confessional ministry.","civil defense volunteers, stress relief, adolescent children, the sick, and those suffering from life-threatening illnesses","1887-1968","Italy","Male","mysticism; compassion; humility; piety; resilience","Pray, hope, and don't worry.; The worry of today is the ruin of tomorrow.; A soul that is united with God cannot fear death.","St. Padre Pio","January 15 (canonization)","1887-1968","St. Padre Pio, born Francesco Forgione, became a Capuchin friar and is best known for bearing the stigmata for over 50 years. He was a prolific confessor, often spending hours each day in the sacrament of reconciliation, profoundly impacting countless lives. His mysticism and extraordinary gifts, including bilocation, have made him a beloved figure in the Catholic Church.","St. Padre Pio was known to have the ability to bilocate, being seen in two places at once during his lifetime."
"St. Josemaría Escrivá","June 26","Founder of Opus Dei and advocate for finding holiness in everyday life.","diabetes patients, work","1902-1975","Spain","Male","dedicated; humble; inspirational; optimistic; passionate","We cannot love God unless we love our neighbor.; The way to holiness is through the ordinary, giving your best in your work.; Don't seek holiness in extraordinary things; seek it in the ordinary tasks of your daily life.","St. Josemaría Escrivá","October 2 (Opus Dei Feast)","1902-1975","St. Josemaría Escrivá was a Spanish priest who dedicated his life to encouraging people to pursue holiness through their daily work. He founded Opus Dei in 1928, promoting the idea that everyone is called to be a saint, regardless of their profession. His teachings continue to inspire countless individuals worldwide to integrate their faith into every aspect of their lives.","St. Josemaría Escrivá was beatified by Pope John Paul II in 1992 and canonized in 2002, making him one of the few saints recognized in such a relatively short time after their death."
"St. Gianna Molla","April 28","A devoted physician who chose her child's life over her own during childbirth.","Mothers, physicians, unborn children","1922-1962","Italy","Female","compassionate; dedicated; selfless; courageous; loving","If you are what you should be, you will set the whole world ablaze!; The greatest thing is love and the desire to love.; I have not given you a perfect life, but I have given you a purpose.","St. Gianna Molla","1922-1962","1922-1962","St. Gianna Molla was an Italian pediatrician who dedicated her life to helping the sick and promoting family values. During her pregnancy, she faced a life-threatening medical condition but chose to prioritize her baby's survival, ultimately sacrificing her own life. Today, she is celebrated as a model of selfless love and maternal sacrifice.","St. Gianna was the first woman who was not a martyr to be canonized by the Catholic Church."
"St. Teresa Benedicta","August 9","A Jewish convert to Catholicism who became a Carmelite philosopher and was martyred at Auschwitz.","Europe, loss of parents, martyrs, philosophers","1891-1942","Germany","Female","intellectual; compassionate; courageous; thoughtful; determined","The nation doesn’t simply live in its people; they live in the nation.; To deny a nation the right to exist is to deny us all the right to exist.; In the end, the spirit of God will triumph.","St. Teresa Benedicta of the Cross","January 17 (her baptism), July 31 (her confirmation)","1891-1942","Born Edith Stein in Germany, she was a brilliant philosopher who converted to Catholicism and took the name Teresa Benedicta of the Cross. As a Carmelite nun, she dedicated her life to prayer and contemplation before ultimately being arrested and sent to Auschwitz during World War II for her Jewish heritage. Her profound writings on faith and philosophy have inspired countless individuals in their spiritual journeys.","St. Teresa Benedicta was once a student of the renowned philosopher Edmund Husserl and was deeply influenced by his teachings."
"St. Rose of Lima","August 23","Known as the first indigenous saint of the Americas, St. Rose of Lima is celebrated for her deep spirituality and commitment to serving the poor.","Latin America, florists, gardeners","1586-1617","Peru","Female","compassionate; devout; self-sacrificing; resilient; inspirational","I am a servant of God and a servant of the poor.; Let us strive to love our neighbor as ourselves.; Without the cross, there is no paradise.","St. Rose of Lima","August 30 - the date of her birth,","1586-1617","Born Isabel Flores de Oliva in Lima, Peru, Rose adopted the name of a rose to express her beauty of spirit. Throughout her life, she dedicated herself to prayer, fasting, and helping those in need, often taking extreme measures of penance. Her dedication to God and the marginalized made her a beloved figure, and she was canonized in 1671, becoming the first saint of the Americas.","St. Rose of Lima was the first person born in the Americas to be canonized by the Catholic Church."
"St. Martin de Porres","November 3","A devoted Dominican lay brother known for his profound compassion and extraordinary healing abilities.","Barbers, innkeepers, public health, racial harmony","1579-1639","Peru","Male","humble; compassionate; healing; resilient; devoted","No one makes a greater mistake than he who did nothing because he could do only a little.; I can do all things through Christ who strengthens me.; Prayer is an act of love.","St. Martin de Porres","November 3; October 28","1579-1639","St. Martin de Porres was born in Lima, Peru, to a Spanish father and a black mother, and he faced racial discrimination throughout his life. He joined the Dominicans as a lay brother, where he dedicated his life to serving the poor and caring for the sick, including both people and animals. His legacy of charity and humility continues to inspire those who seek to promote racial harmony and health care for all.","St. Martin is often depicted with a broom, symbolizing his humility and his role in caring for the home and the needy."
"St. Juan Diego","December 9","His vision of the Virgin Mary in Guadalupe led to a significant cultural and religious movement in Mexico.","indigenous peoples, Mexico, the Americas","1474-1548","Mexico","Male","humility; simplicity; faith; devotion; perseverance","She is my Mother.; I am a messenger of the Mother of God.; Do not be afraid; am I not here, I who am your Mother?","St. Juan Diego","December 12 (Feast of Our Lady of Guadalupe)","1474-1548","St. Juan Diego was a humble indigenous man who experienced a vision of the Virgin Mary in 1531. This encounter resulted in the miraculous image of Our Lady of Guadalupe, which became a powerful symbol of faith. His devotion and simplicity continue to inspire millions, making him a beloved figure in the Catholic Church.","St. Juan Diego was canonized by Pope John Paul II in 2002, making him the first indigenous saint from the Americas."
"St. Kateri Tekakwitha","July 14","She is recognized as the first Native American saint, honored for her conversion and deep faith despite facing considerable persecution.","Ecology, Native Americans, exiles","1656-1680","USA/Canada","Female","compassionate; devout; resilient; peaceful; caring","I will be the first to pay for my people’s sins.; I love you, Jesus, and I want to serve you.; Teach me to be an instrument of your peace.","St. Kateri Tekakwitha","Various dates related to her canonization and life events","1656-1680","St. Kateri Tekakwitha was born in 1656 in what is now New York, growing up amidst the Mohawk people. After the death of her family members from smallpox, she embraced Christianity, dedicating herself to a life of faith and service. Known for her unwavering commitment to her beliefs, she became a symbol of unity between Native American spirituality and Christian faith.","Her face is said to have cleared up and shone with beauty after she died, leading those who saw her to declare her a saint even before her canonization."
"St. Augustine of Canterbury","May 27","The first Archbishop of Canterbury who played a crucial role in establishing Christianity in England.","England, bishops","d. c. 604","Italy","Male","compassionate; determined; charismatic; faithful; courageous","By the grace of God, I am what I am.; What you have heard from me in the presence of many witnesses entrust to faithful men.; The face is the mirror of the mind, and eyes without speaking confess the secrets of the heart.","St. Augustine of Canterbury","June 26 (Western Church); February 24 (Eastern Church)","d. 604","St. Augustine of Canterbury was sent by Pope Gregory the Great in 597 AD to convert the Anglo-Saxons to Christianity. He established the See of Canterbury and became its first Archbishop, laying the groundwork for the English Church. His efforts marked the beginning of a significant Christian presence in England, influencing its cultural and spiritual development.","He is often referred to as the 'Apostle to the English' and is credited with the conversion of King Æthelberht of Kent."
"St. Columba","June 9","A pivotal Irish missionary credited with spreading Christianity in Scotland.","Scotland, Ireland, poets","521-597","Ireland","Male","dedicated; charismatic; inspiring; artistic; compassionate","I am a servant of Christ, and I seek to serve the least among my brethren.; Let your heart be lifted up to God, and in His name, let us go forth.; The Lord is my cloak; I will not be afraid.","St. Columba","May 21 (death anniversary), June 9 (canonical feast)","521-597","St. Columba was an Irish abbot and missionary who played a crucial role in converting the Picts of Scotland to Christianity. He founded the famous monastery on Iona, which became a center for Christian learning and evangelization. His dedication to spreading the Gospel and his poetic legacy continue to inspire many to this day.","St. Columba is said to have encountered a water monster in Loch Ness, which is often considered the origin of the legend surrounding Nessie."
"St. Bede the Venerable","May 25","An influential monk and scholar who authored the first comprehensive history of the English church.","Historians, scholars, England","c. 673-735","England","Male","intellectual; devout; scholarly; humble; reflective","Time flies inexorably, and like a fire, consumes everything in its path.; He who does not have the Holy Spirit can never see or understand the Kingdom of God.; It is a good and noble thing to live in communion with God, in the communion of saints.","St. Bede the Venerable","November 17 (Feast of St. Bede in the Roman Rite)","c. 673-735","St. Bede the Venerable was a Benedictine monk at the Monastery of Wearmouth-Jarrow in England, where he spent most of his life dedicated to learning and teaching. His most notable work, 'Ecclesiastical History of the English People,' has earned him the title of the father of English history. Known for his deep spirituality, Bede combined his scholarly endeavors with a profound faith that inspired many during and after his lifetime.","St. Bede is unique among saints for being one of the first historians to date events using the birth of Christ as a reference point, a practice that later became standard in Western chronology."
"St. Olaf","July 29","St. Olaf was a king who played a crucial role in the Christianization of Norway.","Norway, kings, warriors","995-1030","Norway","Male","leadership; evangelical; devout; courageous; persevering","Christ is my light; His will is my power.; I will die as a Christian, for I am a servant of Christ.; Faith is a shield, and courage its armor.","St. Olaf, King of Norway","1030-07-29; 995-1030","995-1030","St. Olaf, known for his fierce leadership, ascended to the throne of Norway in the 11th century. He was instrumental in spreading Christianity throughout the region, often through both peaceful evangelization and military means. Driven by his faith, he is remembered for his dedication to creating a united Christian kingdom.","St. Olaf's legacy includes the transformation of Norway into a significant Christian nation, and he is honored with the title 'Saint' despite being a king who wielded a sword."
"St. Stanislaus","April 11","A bishop and martyr who stood against the excesses of the monarchy in Poland.","Poland, Krakow, invoked against infertility, often considered a protector of the church","1030-1079","Poland","Male","leadership; conviction; courage; sacrifice; integrity","As a shepherd, I must ensure my flock is safe from the wolves.; Faith is my shield; with it, I can face any king.; The truth has a way of prevailing, even against the mightiest of adversaries.","St. Stanislaus","April 11; May 7","1030-1079","St. Stanislaus was a prominent bishop of Krakow who fiercely defended the rights of the Church against the corrupt practices of the Polish king Bolesław II. His unwavering conviction and moral courage ultimately led to his martyrdom around the year 1079. Today, he is remembered not only as a protector of the faith but also as a symbol of justice and integrity in Poland.","St. Stanislaus was initially a respected member of the Polish aristocracy before becoming known for his opposition to the king, showcasing his remarkable transformation."
"St. Wenceslaus","September 28","St. Wenceslaus was a Duke of Bohemia who was martyred by his brother in defense of his Christian faith.","Czech Republic, Bohemia, brewers","c. 907-935","Czech Republic","Male","courageous; devout; compassionate; noble; steadfast","I will not let the wrongs of others take away my righteousness.; Where there is strife, may I bring peace; where there is error, may I bring truth.; Together with God, I wield my sword against injustice.","St. Wenceslaus","January 1; March 4","c. 907-935","St. Wenceslaus, revered as the patron saint of the Czech Republic, is known for his leadership during a challenging time for Christianity in Central Europe. Despite familial betrayal, he remained steadfast in promoting the Christian faith and justice. His legacy endures in the hearts of the Czech people, symbolizing courage and devotion.","St. Wenceslaus is often depicted in art holding a banner bearing the image of a Bohemian lion, a symbol of Czech pride."
"St. Vladimir","July 15","The prince who played a pivotal role in Christianizing Kievan Rus.","Russia, Ukraine, converts","c. 958-1015","Ukraine/Russia","Male","visionary; courageous; influential; devout; strategic","Let us be united in faith, and strive for the salvation of our souls.; Peace came to my heart when I found the true God.; Through Christ, I found the strength to lead my people.","St. Vladimir the Great","July 28 (Eastern Orthodox Church)","c. 958-1015","St. Vladimir, known as the Great, was a noble ruler of Kievan Rus who strategically embraced Christianity in 988, leading to the Christianization of his people. His conversion was a landmark moment that laid the foundation for Ukraine and Russia's cultural and spiritual heritage. Today, he is celebrated not only as a saint but also as an important historical figure in the development of Eastern Slavic civilization.","St. Vladimir is often depicted holding a cross and a sword, symbolizing his dual roles as a leader and a spiritual guide."
"St. Casimir","March 4","A Polish prince celebrated for his piety and commitment to chastity.","Poland, Lithuania, youth","1458-1484","Poland","Male","devout; chaste; leadership; compassionate; inspiring","Do not let the fear of the future disturb you; God will take care of it.; Purity of heart is the brightest gem in the crown of virtue.; I am convinced that love alone can bring peace to the world.","St. Casimir","May 14; November 14","1458-1484","St. Casimir was a Polish prince who dedicated his life to serving God and leading a life of virtue. Known for his deep faith, he refused to succumb to worldly temptations and was a model of Christian charity. His legacy continues to inspire the youth of Poland and Lithuania to strive for purity and devotion.","St. Casimir is often depicted in art wearing princely robes and a crown, but holding a lily, symbolizing his purity."
"St. Rose Philippine Duchesne","November 18","St. Rose Philippine Duchesne was a pioneering missionary who played a significant role in the education of Native Americans in the United States.","against poverty, opposition of Church authorities, education, missionaries","1769-1852","France/USA","Female","compassionate; determined; educational; devout; resilient","I wish to be like the good Mother who offered her son on the altar for the sake of souls.; Let us be convinced that an act of love is worth more than all the good works in the world.; Prayer, to be fervent, must be made with the heart.","St. Rose Philippine Duchesne","January 9 (beatified); July 3 (canonized)","1769-1852","Born in France, St. Rose Philippine Duchesne felt a calling to serve as a missionary in America, where she dedicated her life to education and the spiritual nourishment of Native American communities. Overcoming great challenges, she founded schools and spread the teachings of Christ among those she served. Her unwavering faith and compassion have made her a beloved figure in the Catholic Church.","Despite her age and health challenges, she established a successful mission in Missouri, known for its emphasis on Native American education."
"St. John de Brébeuf","October 19","Jesuit missionary and martyr in Canada.","Canada, North American martyrs","1593-1649","France/Canada","Male","devout; resilient; compassionate; dedicated; intrepid","You must remember, my brothers, that any virtue of ours is not our own but comes from God.; What would you have me do, Lord? To die for you is an honor.; Eternal God, grant that I may endure all things for Your greater glory.","St. John de Brébeuf","March 16 (Feast of the North American Martyrs)","1593-1649","St. John de Brébeuf was a Jesuit missionary who dedicated his life to evangelizing the Indigenous peoples of North America, particularly the Huron Nation. He endured great hardships and faced violent opposition, ultimately being martyred for his faith in 1649. His deep love for the people he served inspired him to learn their language and culture, leaving a lasting legacy of compassion and sacrifice.","He is known for creating a Huron dictionary, making significant contributions to understanding Indigenous languages."
"St. Isaac Jogues","October 19","Jesuit missionary and martyr who dedicated his life to evangelizing Native Americans in North America.","Americas, North American martyrs","1607-1646","France/USA","Male","courage; dedication; resilience; humility; faith","I am more than willing to die for God’s people.; When I am among the savages, I feel as if I have encountered the cross of Christ.; If I could find a way to be more helpful to the Native Americans, I would gladly trade my life for their salvation.","St. Isaac Jogues","1626-1646","1607-1646","St. Isaac Jogues was a French Jesuit missionary whose unwavering dedication brought him to the New World in service of the Gospel. Captured by the Iroquois, he endured severe torture and hardships, ultimately returning to his mission in New York. He was martyred in 1646, and his sacrifices paved the way for future missionaries in North America.","St. Isaac Jogues is one of the first North American saints to be canonized, reflecting the Church's recognition of the sacrifices made by early missionaries."
"St. Andrew Kim Taegon","September 20","The first Korean priest and a martyr for the faith.","Korea, Korean clergy","1821-1846","Korea","Male","brave; devout; compassionate; determined; selfless","I would still choose to become a priest as I have long dreamed and follow God’s will.; In the love of God, for the sake of my brothers, I am ready to die.; Our lives are not our own, but belong to God, who guides us in strength.","St. Andrew Kim Taegon","1821-1846","d. 1846","St. Andrew Kim Taegon was born in 1821 in Korea, during a time of intense persecution for Christians. He became the first native Korean priest and dedicated his life to spreading the Gospel despite overwhelming odds, ultimately paying the ultimate price for his faith. His martyrdom in 1846 inspired many and marked a pivotal point in the establishment of the Catholic Church in Korea.","St. Andrew Kim Taegon was also known for his passionate commitment to evangelizing his fellow Koreans, making significant sacrifices for his mission."
"St. Peter Chanel","April 28","A Marist missionary who was martyred in Oceania while spreading the Christian faith.","Oceania, Marist priests","1803-1841","France/Oceania","Male","courage; dedication; conviction; compassion; selflessness","I do not fear death. I fear to die without having given myself completely to God.; The blood of martyrs is the seed of Christians.; There is no greater love than to give one’s life for one’s friends.","St. Peter","April 28; April 29 (optional)","1803-1841","St. Peter Chanel was a French priest who devoted his life to missionary work in the islands of Oceania. He faced great dangers but remained unwavering in his commitment to spreading Christianity. His efforts ultimately led to his martyrdom in 1841, affirming his legacy as a courageous missionary.","St. Peter Chanel is credited with the first recorded conversion in the Loyalty Islands."
"St. John XXIII","October 11","He is celebrated for initiating the Second Vatican Council, promoting openness and reform in the Catholic Church.","papal delegates, Venice","1881-1963","Italy","Male","compassionate; humble; visionary; charismatic; diplomatic","The whole world is my homeland.; I have also seen that it is not necessary to show off one's own virtues.; Consult not your fears but your hopes and your dreams.","St. John XXIII","October 11; June 3","1881-1963","Pope John XXIII, born Angelo Giuseppe Roncalli, was a transformative figure in the Catholic Church during the mid-20th century. He guided the Church towards modernization through his convocation of the Second Vatican Council, which aimed to address relations with the modern world. His emphasis on compassion and pastoral care helped to reshape the Church's approach to its faithful and to society.","St. John XXIII was affectionately called 'Good Pope John' because of his warmth and approachability."
"St. Oscar Romero","March 24","Archbishop martyred for his defense of the poor and oppressed in El Salvador.","Americas, El Salvador, persecuted Christians","1917-1980","El Salvador","Male","compassion; courage; integrity; leadership; selflessness","If we cannot see Christ in the poor, we cannot see him in the Eucharist.; A church that does not provoke any crisis, a gospel that does not unsettle, a word of God that does not get under anyone's skin, what gospel is that?; The church is the people of God. I am always preaching that the church should be the people.","St. Oscar Romero","August 15, beatification; October 14, canonization","1917-1980","St. Oscar Romero was a prominent Salvadoran archbishop who spoke out against human rights abuses during the Salvadoran Civil War. Known for his unwavering commitment to social justice, he advocated for the vulnerable and marginalized in society. His life was tragically cut short when he was assassinated while celebrating Mass on March 24, 1980.","St. Romero's choice to stand with the poor and his prophetic voice made him a symbol of hope and resistance in El Salvador and beyond."
"St. Thomas More","June 22","St. Thomas More was a Lord Chancellor of England who was martyred for his unwavering faith and refusal to accept King Henry VIII's authority over the Church.","lawyers, politicians, statesmen, adopted children","1478-1535","England","Male","conviction; courage; sacrifice; intellect; nurturing","I die the king's good servant, but God's first.; This is no time to be a coward; I have a soul to save.; When a man is at peace with himself, he can hardly be at war with others.","St. Thomas More","April 9; July 6","1478-1535","St. Thomas More was a renowned English lawyer, philosopher, and author known for his strong moral conviction. As Lord Chancellor, he stood firm against the Act of Supremacy, ultimately leading to his execution in 1535. His life exemplifies integrity and steadfastness in faith amidst political turmoil.","St. Thomas More is also known for authoring the book 'Utopia', which presents a fictional island society and its political system."
"St. John Fisher","June 22","Bishop and martyr who opposed King Henry VIII's separation from the Catholic Church.","Bishops, theologians, priests","1469-1535","England","Male","intellectual; courageous; wise; principled; leadership","In the hands of the Almighty, I am safe, though I cannot see the way.; I am willing to die for the sake of truth.; It is better to suffer wrong than to do wrong.","St. John Fisher","1459 (birth); 1535 (martyrdom)","1469-1535","St. John Fisher was an English bishop and theologian who stood firmly against the Protestant Reformation led by King Henry VIII. His unwavering commitment to the papacy and the moral teachings of the Church ultimately led to his martyrdom in 1535. He was canonized by Pope Pius XI in 1935, often remembered for his intellectual bravery and profound faith.","St. John Fisher was one of the first English bishops to be executed for his faith, a testament to his fierce loyalty to the Catholic Church."
"St. Edmund Campion","December 1","A Jesuit priest who became a martyr in England during the persecution of Catholics.","England, Jesuits, scholars","1540-1581","England","Male","intellectual; conviction; courage; sacrifice; determined","The truth is like a lion; you don’t have to defend it. Let it loose; it will defend itself.; I am not afraid of your threats, nor of your dungeons.; I am worth more dead than alive.","St. Edmund Campion","November 17","1540-1581","St. Edmund Campion was born in England in 1540 and became a prominent Jesuit priest. Known for his unwavering faith, he was martyred for refusing to abandon his Catholic beliefs during the Elizabethan persecutions. His legacy as a scholar and martyr continues to inspire many in the Catholic faith.","St. Edmund Campion was an accomplished scholar and wrote a famous pamphlet titled 'Decem Rationes' defending Catholicism."
"St. Margaret Clitherow","March 25","Margaret Clitherow was a laywoman and martyr recognized for her unwavering commitment to the Catholic faith during the English Reformation.","Converts, businesswomen, martyrs","1556-1586","England","Female","conviction; courage; sacrifice; devotion; compassion","I die a Catholic, for the faith I have received.; I am ready to suffer for the truth, for it is my life.; If you will save my life, I cannot consent to it.","St. Margaret Clitherow","d. 1586","d. 1586","St. Margaret Clitherow was born in England and became a devoted wife and mother who bravely hid priests to protect them from persecution. Her actions led to her arrest and trial, where she refused to betray her faith, ultimately sacrificing her life for her beliefs. Recognized as a martyr for her courage, she inspires many to stand firm in their convictions.","Margaret Clitherow was executed by pressing, a unique form of martyrdom where heavy weights were placed on her body, yet she remained steadfast in her faith until the end."
"St. Oliver Plunkett","July 1","St. Oliver Plunkett was a courageous archbishop and martyr during the persecution of Catholics in Ireland.","Ireland, peace, reconciliation","1625-1681","Ireland","Male","courageous; devout; compassionate; resilient; scholarly","I die innocent of all charges against me.; My greatest joy is that I live for Christ.; Do not let your fear intimidate you in the face of persecution.","St. Oliver Plunkett","1679 - execution date; 1625 - birth year","1625-1681","St. Oliver Plunkett was a prominent figure in the Catholic Church during a time of great turmoil in Ireland. He dedicated his life to serving the spiritual needs of his people, ultimately sacrificing his own life for his unwavering faith. His execution in 1681 made him a symbol of resistance against religious oppression and a celebrated martyr.","St. Oliver Plunkett is the last martyr in England and Wales, executed in 1681 for his faith."
"St. Brigid of Ireland","February 1","Brigid is notable for her role in founding monasteries and establishing Christian communities in Ireland.","Ireland, dairymaids, midwives, scholars, poetesses","c. 451-525","Ireland","Female","compassionate; wise; visionary; nurturing; leadership","I would like a great lake of beer for the King of Kings. I would drink it deep, and I would pour it out for all who thirst.; A blessing upon the man who brings the message of peace.; It is the goodness of God that led me to embrace the poverty of Christ.","St. Brigid","January 20 (Eastern Orthodox)","c. 451-525","St. Brigid of Ireland, born in the early 5th century, is celebrated for her dedication to spirituality and community service. She founded the famous monastery at Kildare, which became a center of learning and piety. Known for her compassion and wisdom, Brigid's life and teachings continue to inspire many in their faith.","St. Brigid is said to have transformed water into beer, showcasing her miraculous influence on agriculture."
"St. Brendan the Navigator","May 16","An Irish monk celebrated for his legendary sea voyages across the Atlantic Ocean.","Sailors, travelers, whales","c. 484-577","Ireland","Male","adventurous; spiritual; persevering; visionary; inspiring","For the sake of Christ, be ready for anything.; There is a place in the heavens where we shall meet again.; Let us go forth, seek our God, and be faithful to the end.","St. Brendan the Navigator","c. 484-577","c. 484-577","St. Brendan the Navigator was an influential Irish monk who founded several monasteries in Ireland and abroad. His most famous journey, the 'Navigatio Sancti Brendani,' describes an adventurous voyage across the Atlantic, exploring mystical lands. Through his travels, he inspired countless generations with tales of faith and exploration.","St. Brendan is often credited with having discovered America centuries before Columbus made his voyages."
"St. Kevin","June 3","Founder of the monastic community at Glendalough in Ireland.","Dublin, blackbirds","d. 618","Ireland","Male","contemplation; service; leadership; community; nature","You cannot wash a blackbird’s feathers; only a blackbird can clean its own feathers.; In solitude, I seek the divinity that shines in all creation.; The divine light that is within you will guide you through the darkness.","St. Kevin","d. 618","d. 618","St. Kevin, known for his deep spiritual life, established a monastery in the picturesque valley of Glendalough, which became a significant center of learning and pilgrimage. He was renowned for his piety and connection to nature, often depicted with animals, especially blackbirds who are said to have been drawn to him. His legacy endures not only through his monastic foundation but also in the hearts of those who seek peace in the serenity of nature.","St. Kevin is often depicted in art with a blackbird perched on his hand, symbolizing his harmony with nature."
"St. Malachy","November 3","St. Malachy was a significant reformer of the Irish Church and the first native-born Archbishop of Armagh.","Ireland, peace","1094-1148","Ireland","Male","dedicated; visionary; compassionate; courageous; humble","Let us pray for the peace of the Church.; The Holy Spirit guides those who seek Him with sincerity.; Even in the darkest times, trust that God’s light will lead the way.","St. Malachy","1094-1148","d. 1148","St. Malachy was born in 1094 in Armagh, Ireland, and dedicated his life to revitalizing the ecclesiastical structure of his country. His tireless efforts in reform led to a more devout and unified church, earning him recognition as one of Ireland's greatest saints. He died in 1148, leaving a lasting legacy of peace and leadership in the Irish Church.","St. Malachy is known for his prophetic writings, which included predictions about the popes that still pique the interest of historians and theologians."
"St. David","March 1","He is revered as the patron saint of Wales and founder of many monasteries.","Wales, poets, oculists, vegetarians, and wolfs","c. 500-589","Wales","Male","devout; leadership; humble; artistic; community-oriented","Be joyful, keep the faith, and do the little things.; Do the best you can in everything you do, for God is sure to see and remember.; Where there is a church, there is no need for a palace.","St. David","c. 500-589","c. 500-589","St. David was a sixth-century bishop and the founder of monastic communities in Wales, notably at Glyn Rhosyn (now known as Glastonbury). He is celebrated for his piety, simplicity, and commitment to the Christian faith, living a life dedicated to the service of God and his community. St. David's legacy continues to inspire generations, and he is remembered as a national hero in Welsh culture.","St. David is said to have performed a miracle by raising a hill so that his followers could hear him preach."
"St. Andrew","November 30","St. Andrew is recognized as the first Apostle called by Jesus and the brother of Peter, who was martyred by crucifixion on an X-shaped cross.","Scotland, Russia, fishermen","1st century","Galilee","Male","devout; sacrificial; courageous; passionate; humble","Come, follow me, and I will make you fishers of men.; It is not the one who begins well who is blessed, but the one who ends well.; I have learned that to be with Christ is a joy which the world cannot give.","St. Andrew","November 30","d. 60","St. Andrew, one of the foremost apostles, dedicated his life to spreading the message of Jesus Christ. He is traditionally believed to have been martyred on an X-shaped cross in Patras, Greece, after a fervent ministry across various regions. His legacy as the patron saint of several countries reflects his impact and veneration throughout history.","St. Andrew is celebrated as the patron saint of Scotland, and his symbol, the Saltire, is featured on the national flag."
"St. James the Greater","July 25","St. James the Greater was one of Jesus' twelve apostles, renowned for being the first to be martyred among them.","Spain, pilgrims, laborers","d. 44 AD","Galilee/Spain","Male","conviction; missionary; courage; sacrifice; work","If any man wishes to come after me, let him deny himself, take up his cross daily, and follow me.; I am a servant of God, and whatever He demands of me, I will do.; One does not become a Christian for safety, but for conviction.","St. James the Greater","July 25; March 1 (Gregorian calendar)","d. 44","St. James the Greater, a Galilean fisherman, was called by Jesus to be one of His closest disciples. Known for his unwavering faith and missionary zeal, he spread the Gospel far and wide, eventually facing martyrdom by beheading in Jerusalem. Today, he is honored as the patron saint of Spain and his shrine in Santiago de Compostela attracts countless pilgrims every year.","His remains are believed to be buried in the cathedral of Santiago de Compostela, making it a significant pilgrimage site since the Middle Ages."
"St. John the Apostle","December 27","St. John is revered as the beloved disciple and the author of the Gospel of John and the Book of Revelation.","Writers, theologians, Asia Minor","d. c. 100","Galilee","Male","thoughtful; passionate; intellectual; compassionate; insightful","In the beginning was the Word, and the Word was with God, and the Word was God.; Dear children, let us not love with words or speech but with actions and in truth.; The one who denies that Jesus is the Christ—such a person is the antichrist.","St. John the Apostle","June 26","d. c. 100","St. John the Apostle, one of Jesus' closest companions, played a pivotal role in the early Christian community. He is traditionally believed to have authored several biblical texts that emphasize love and the divine nature of Jesus. After surviving persecution and exile, he is thought to have died peacefully in Ephesus around 100 AD.","St. John is often referred to as the 'Theologian' due to his profound spiritual insights."
"St. Thomas the Apostle","July 3","The apostle famously known for his skepticism regarding Christ’s resurrection.","India, architects, builders, construction workers, and doubters","1st century","Galilee/India","Male","doubter; missionary; evangelizer; fearless; cross-cultural","My Lord and my God!; Unless I see in His hands the print of the nails, and put my finger into the print of the nails, and thrust my hand into His side, I will not believe.; The Lord is good to those who wait for Him, to the soul who seeks Him.","St. Thomas the Apostle","December 21","1st century","St. Thomas the Apostle, one of the twelve disciples of Jesus, is best known for his initial doubt about the resurrection. He traveled to India, where he played a pivotal role in establishing Christian communities. His unwavering faith following his encounter with the risen Christ led to his martyrdom, and he is honored as the patron saint of India.","St. Thomas is believed to have built the first church in India, the St. Thomas Church in Kochi."
"St. Matthew","September 21","St. Matthew is recognized as one of the twelve Apostles and the author of the Gospel of Matthew.","tax collectors, accountants, bankers","1st century","Galilee","Male","intellectual; observant; compassionate; devout; missionary","Follow me, and I will make you fishers of men.; The Son of Man came to save that which was lost.; Blessed are the merciful, for they shall obtain mercy.","St. Matthew","February 25 (some traditions)","d. 74","St. Matthew, originally a tax collector, was called by Jesus to be one of His disciples, showcasing the transformative power of grace. After the Ascension of Jesus, he dedicated his life to spreading the Gospel, traveling to various regions to preach. His Gospel is notable for its focus on the fulfillment of Old Testament prophecies, making it a vital text for Christians.","St. Matthew is the only Gospel writer who includes the story of the visit of the Magi, highlighting the significance of Christ's birth beyond the Jewish community."
"St. Mark the Evangelist","April 25","St. Mark is celebrated for authoring the Gospel of Mark and serving as a close companion to the Apostle Peter.","Venice, notaries, lawyers","1st century","Jerusalem/Egypt","Male","intellectual; articulate; compassionate; passionate; dedicated","The time has come, the Kingdom of God has come near; repent and believe the good news!; Go into all the world and preach the gospel to all creation.; I have written a brief account of the things I have learned, so that you may have an accurate understanding of the truth.","St. Mark the Evangelist","March 25 (for St. Mark in some traditions)","1st century","St. Mark the Evangelist is one of the four Gospel writers of the New Testament, providing a vital account of Jesus’ life and teachings through his Gospel. He is also recognized as the founder of the Church of Alexandria, which became a significant center of Christianity. His feast is celebrated on April 25, a day marking his contributions to the faith and his enduring legacy through his writings.","St. Mark's symbol in Christian iconography is a winged lion, representing his role as the Evangelist and Christ's majesty."
"St. Luke the Evangelist","October 18","Author of the Gospel of Luke and the Acts of the Apostles, highlighting Jesus' compassion and the spread of Christianity.","Doctors, artists, surgeons, butchers, notaries","1st century","Syria","Male","intellectual; artistic; compassionate; diligent; insightful","For behold, I bring you good tidings of great joy, which shall be to all people.; It is not the healthy who need a doctor, but the sick.; The heavens will proclaim his righteousness, for he is a God of justice.","St. Luke the Evangelist","March 25; September 27","d. 84","St. Luke the Evangelist was a physician and a companion of St. Paul, known for his deep intellect and artistic flair. He penned the Gospel that emphasizes the mercy of Christ and the role of the Holy Spirit in the early Church. His writings have profoundly influenced Christian theology and practice throughout the centuries.","St. Luke is often depicted as an ox or calf in religious art, symbolizing sacrifice and service."
"St. Barnabas","June 11","A prominent Apostle and missionary, he played a key role in the early Church as a companion of St. Paul.","Cyprus, against hailstorms","1st century","Cyprus","Male","missionary; faithful; devout; resilient; compassionate","For it is not the one who commends himself who is approved, but the one whom the Lord commends.; Encourage one another and build each other up.; We must pay more careful attention, therefore, to what we have heard, so that we do not drift away.","St. Barnabas","May 14 (Eastern Orthodox)","1st century","St. Barnabas, originally named Joseph, was a Levite from Cyprus who sold his property to support the early Christian community. He became an influential figure in spreading the Gospel, particularly among the Gentiles, and was instrumental in introducing Paul to the apostles in Jerusalem. His unwavering faith and commitment to the Church earned him the title of Apostle, and he is remembered as a pioneering missionary of the Christian faith.","St. Barnabas is traditionally believed to have been martyred in Cyprus around 61 AD, where he is said to be buried."
"St. Timothy","January 26","Timothy was a devoted bishop and close disciple of St. Paul, known for his contributions to the early Church.","stomach disorders, bishops","1st century","Asia Minor","Male","thoughtful; dedicated; courageous; inspirational; humble","Let no one despise your youth, but set the believers an example in speech, in conduct, in love, in faith, in purity.; For God has not given us a spirit of fear, but of power and love and self-control.; I have fought the good fight, I have finished the race, I have kept the faith.","St. Timothy","February 24 (Eastern Orthodox)","d. 97","St. Timothy, a key figure in the early Christian church, served as the bishop of Ephesus. He was a trusted companion of St. Paul, receiving two epistles that provide guidance and insight into his pastoral role. His commitment to leading his community with grace marked him as a model for Christian leadership.","St. Timothy is often recognized as a symbol of youthful enthusiasm and strong faith within the early Christian church."
"St. Titus","August 26","St. Titus was a close companion of St. Paul and played a significant role in the early Christian church as the Bishop of Crete.","Crete, bishops","1st century","Crete","Male","leadership; faith; devotion; perseverance; love","You must teach what is in accord with sound doctrine.; The grace of God has appeared that offers salvation to all people.; Remind the people to be subject to rulers and authorities, to be obedient, and to be ready to do whatever is good.","St. Titus","January 26","d. 96","St. Titus was one of the prominent figures of the early Church, entrusted by St. Paul to lead the Christian community in Crete. Known for his unwavering faith and strong leadership, he helped establish Christian practices in an area known for its challenges. His letters from St. Paul provide insights into the responsibilities and virtues expected of church leaders.","St. Titus is believed to have been the first bishop of Crete, representing a pivotal link between the apostles and the growing Christian church in the Mediterranean."
"St. Apollonia","February 9","St. Apollonia is revered as a virgin martyr who endured brutal torture during the persecution of Christians.","Dentists, toothache","d. 249","Egypt","Female","courageous; devout; resilient; compassionate; steadfast","The Lord has given me the strength to endure this agony.; In the face of suffering, I choose faith over fear.; Though my body may be broken, my spirit remains unyielding.","St. Apollonia","d. 249","d. 249","St. Apollonia was a Christian martyr from Egypt who faced horrific torture, notably having her teeth pulled out. She remained steadfast in her faith during her trials, inspiring countless believers with her unwavering courage. Her memory is honored by those who seek comfort and healing from tooth-related issues.","St. Apollonia is often invoked by those suffering from dental pain, and her iconography frequently features a pair of pliers or a tooth."
"St. Blaise","February 3","A bishop known for healing a boy who was choking on a fishbone.","throat illnesses, animals, wool combers","d. c. 316","Armenia","Male","healing; compassionate; courageous; devout; protective","If you wish to be a true leader, serve others with love and compassion.; The light of faith will guide us through the darkness.; In times of trial, let the strength of our faith be our comfort.","St. Blaise","February 3; February 4","d. c. 316","St. Blaise was a 4th-century bishop from Armenia known for his miraculous healing abilities. He gained fame for saving a child from choking, which led to his designation as the patron saint of throat afflictions. Ultimately, he was martyred for his faith, demonstrating steadfast leadership in the early church.","He is often depicted with crossed candles, a symbol of his miraculous healings."
"St. Agatha","February 5","St. Agatha is revered as a virgin martyr who endured severe torture, including having her breasts cut off, for her faith.","breast cancer, nurses, bellfounders","d. c. 251","Sicily","Female","courageous; devout; resilient; compassionate; steadfast","Mine is the hope in the strength of the Almighty!; If you suffer, you will reign!; May your will be done in my life!","St. Agatha","268; d. 251","d. 251","St. Agatha was a noblewoman from Sicily who dedicated her life to Christ and chose martyrdom over compromising her faith. Her courage during her torturous trials has made her a symbol of unwavering faith and devotion among Christians. Many miracles are attributed to her intercession, especially in times of illness and suffering.","St. Agatha's intercession is often invoked for breast cancer patients, and her feast day is celebrated with special processions in many Sicilian towns."
"St. Agnes","January 21","St. Agnes is revered as a virgin martyr who sacrificed her life for her faith at a young age.","young girls, chastity, gardeners","d. c. 304","Rome","Female","courageous; innocent; devout; strong-willed; compassionate","I choose to follow the Lord, no matter the cost.; My faith is my strength and my heart, not even death can take away.; To suffer for Christ is the greatest honor.","St. Agnes","January 28 (Eastern Orthodox); July 30 (Roman Martyrology)","d. 304","St. Agnes was a young Roman girl who dedicated her life to Christ and refused to marry, choosing instead to remain a virgin. At the tender age of 12 or 13, she faced persecution and ultimately martyrdom for her unwavering faith and commitment to her beliefs. She has inspired countless followers through her courage and steadfastness, serving as a symbol of purity and faith for young women throughout the centuries.","St. Agnes is often depicted in art holding a lamb, symbolizing her purity and innocence, which also parallels her name (Agnes comes from the Greek word for lamb)."
"St. Barbara","December 4","St. Barbara is revered as a virgin martyr who was killed by her father for her Christian faith.","miners, artillerymen, architects, sudden death, firemen","d. c. 200","Lebanon/Egypt","Female","courageous; defiant; faithful; inspiring; noble","I long to be free, unbound by worldly fears.; The light of faith guides me, even through the darkest valleys.; In the face of persecution, I stand firm in my beliefs.","St. Barbara","December 4 (feast day); February 14 (Eastern Orthodox)","d. c. 305","St. Barbara was a beautiful maiden who boldly defied her father’s pagan beliefs by converting to Christianity. After her father discovered her faith, he imprisoned her and ultimately killed her, leading to her martyrdom. Her legacy represents courage and steadfastness in faith, inspiring countless devotees through the centuries.","St. Barbara is often depicted in art with a tower, symbolizing her imprisonment."
"St. Christopher","July 25","St. Christopher is venerated for his legendary journey of carrying a child, believed to be Christ, across a river, which led to his martyrdom.","Travelers, motorists, storms","3rd century","Canaan","Male","brave; selfless; devout; noble; compassionate","It is a great thing, my brethren, to serve a master who is the truth.; He who carries Christ in his heart bears the promise of eternal life.; Let me die for Christ, who died for all.","St. Christopher","September 10","d. 3rd century","St. Christopher is known as the patron saint of travelers, embodying the spirit of adventure and protection. According to tradition, he carried a child across a perilous river, only to discover that the child was Christ himself. His unwavering faith and sacrificial love ultimately led to his martyrdom.","St. Christopher's name means 'Christ-bearer,' which reflects his famous act of carrying Jesus."
"St. Valentine","February 14","A priest who defied Emperor Claudius II by marrying couples in secret, resulting in his martyrdom.","Lovers, epilepsy, beekeepers","d. c. 269","Rome","Male","devoted; compassionate; resilient; selfless; romantic","Love is the martyrdom of a Christ.; This is my commandment, that you love one another as I have loved you.; Let us always meet each other with a smile, for the smile is the beginning of love.","St. Valentine","February 14 (Feast of St. Valentine); c. 269 (date of martyrdom)","d. 269","St. Valentine was a Roman priest renowned for his courage in marrying couples during a time when such unions were prohibited by the emperor. His dedication to love and faith ultimately led to his imprisonment and execution. Today, he is celebrated as the patron saint of lovers, symbolizing commitment and hope.","St. Valentine is one of several saints recognized on February 14, leading to the romantic traditions associated with this day."
"St. Jude Thaddeus","October 28","One of the Twelve Apostles, St. Jude is revered as the patron saint of hopeless cases.","desperate situations, lost causes, hospitals","1st century","Galilee","Male","compassionate; devout; resilient; faithful; humble","May the Lord find us faithful.; Pray for us, that we may be made worthy of the promises of Christ.; Hope is the anchor of the soul.","St. Jude Thaddeus","","1st century","St. Jude Thaddeus, one of the lesser-known apostles, dedicated his life to spreading the teachings of Jesus Christ. He is particularly invoked by those in dire circumstances, offering hope to the hopeless. His letters in the New Testament tell of his unwavering faith and commitment to the early Christian community.","St. Jude is often mistakenly associated with Judas Iscariot, resulting in his appeal to be particularly strong among those who seek support in desperate times."
"St. Rita of Cascia","May 22","A devoted widow and nun who is recognized for her deep mystical spirituality and bearing the stigmata.","Impossible causes, abuse victims, loneliness","1381-1457","Italy","Female","compassionate; determined; spiritual; resilient; faithful","Pray to God, and He will hear you.; All that I am, I owe to God's grace.; Where there is great love, there are always miracles.","St. Rita of Cascia","September 28 (Optional Memorial)","1381-1457","St. Rita of Cascia was born in Italy and lived a life marked by suffering and deep faith. After enduring a troubled marriage, she became a nun and dedicated herself to prayer and compassion for others. Known as the 'Saint of the Impossible', she inspires countless individuals facing dire situations to trust in God's mercy.","St. Rita is often depicted with a thorn from Christ's crown, symbolizing her stigmata and deep connection to Christ's suffering."
"St. Peregrine Laziosi","May 1","He is renowned for his miraculous healing from cancer.","cancer patients, AIDS patients, headache sufferers","1260-1345","Italy","Male","healing; compassionate; devout; resilient; inspirational","Where there is charity and wisdom, there is neither fear nor ignorance.; If you want to be perfect, go, sell what you have and give to the poor.; I will not abandon my efforts until my last breath.","St. Peregrine Laziosi","November 1","1260-1345","St. Peregrine Laziosi was a 14th-century Italian saint known for his deep faith and miraculous cures. After suffering from cancer himself, he experienced a profound healing through prayer and devotion, which inspired many to seek his intercession. He became a beloved figure, advocating for the sick and marginalized in society.","St. Peregrine's cancerous leg was said to have been miraculously restored, leaving no trace of illness."
"St. Dymphna","May 15","An Irish princess who was martyred by her father for refusing to marry him.","mental illness, anxiety, epilepsy","7th century","Ireland/Belgium","Female","compassionate; brave; devout; resilient; selfless","Be not afraid to be a child of God.; In the hour of my trial, may Your peace be my strength.; Faith is the light that guides us through the darkest valleys.","St. Dymphna","April 16 (some sources)","d. 620","St. Dymphna was the daughter of a pagan king and a Christian mother, whose untimely death deeply troubled him. In her devotion to her faith, she fled from her father's advances, ultimately leading to her martyrdom. Today, she is cherished as a beacon of hope for those struggling with mental health issues.","Her story inspired the establishment of many shrines dedicated to her, especially in Belgium and across the world."
"St. Roch","August 16","St. Roch is celebrated for his dedication to caring for plague victims, even at the cost of his own health.","dogs, plague, epidemics","c. 1348-1376","France","Male","compassionate; selfless; dedicated; courageous; humble","I am but a servant of God.; In the presence of the Lord, my heart is at peace.; Suffering is the path to salvation.","St. Roch","August 16; September 16","c. 1348-1376","Born into a noble family in France, St. Roch devoted his life to serving the sick and poor, particularly during times of plague. After contracting the disease himself, he was cared for by a dog that brought him food and companionship. His legacy as a healer and protector lives on, inspiring countless individuals to show compassion and care for others afflicted by illness.","A dog is often depicted by St. Roch's side in art, symbolizing his connection to animals and his miraculous recovery."
"St. Raphael the Archangel","September 29","The healing angel who guides Tobias in the Book of Tobit.","travelers, blind, nurses, physicians","Biblical","Heaven","Male","healing; faithful; compassionate; wise; guiding","I am the angel Raphael; I am one of the seven who stand before the Lord.; You should not be afraid, for angels have been sent to assist you.; The Lord has sent me to heal you and to guide you on your journey.","St. Raphael the Archangel","","Biblical","St. Raphael the Archangel is revered as one of the three archangels mentioned in sacred scripture. He plays a significant role in the Book of Tobit, where he aids Tobias on his journey and restores the sight of his father, Tobit. As a symbol of healing and guidance, St. Raphael inspires the faithful to trust in divine assistance during their struggles.","St. Raphael is known as the angels' healer, making him a particularly beloved figure among those in need of physical and spiritual healing."
"St. Michael the Archangel","September 29","St. Michael is revered as the archangel who leads the heavenly army against the forces of evil.","police, soldiers, paratroopers, Germany, doctors","Biblical","Heaven","Male","courageous; noble; determined; protective; fierce","Who is like God?; I am the sword of the Lord.; Defend us in battle.","St. Michael the Archangel","May 8","Biblical","St. Michael the Archangel is a central figure in Christian tradition, symbolizing divine protection and strength. He is often depicted as a majestic warrior with a sword, defeating the devil and safeguarding souls. His role as a protector of the faithful has made him a beloved saint across various cultures.","In art, St. Michael is typically shown standing triumphantly over a dragon, representing his victory over evil."
"St. Gabriel the Archangel","September 29","St. Gabriel is known for being the archangel who announced the birth of Jesus to the Virgin Mary.","Messengers, postal workers, telecommunications","Biblical","Heaven","Male","calm; insightful; faithful; noble; diligent","I stand in the presence of God.; Fear not, Mary, for you have found favor with God.; It is my duty to announce the good news.","St. Gabriel the Archangel","","Biblical","St. Gabriel the Archangel is one of the three archangels mentioned in the Bible, revered for his role as God's messenger. He delivered important messages to figures such as Daniel in the Old Testament and Mary in the New Testament, signifying his role in both the Old and New Covenants. Gabriel is celebrated for his unwavering faithfulness and serves as a model of divine communication.","St. Gabriel's name means 'God is my strength,' reflecting his role as a powerful messenger of God."
"St. Guardian Angels","October 2","Saints associated with the guardianship and protection of individuals by angels.","personal protection, safety, children, travelers, the sick","Biblical","Heaven","Male","protective; nurturing; guiding; compassionate; faithful","For he will command his angels concerning you to guard you in all your ways. - Psalm 91:11; Your angels are the messengers of the Lord, always leading you closer to Him.; May your guardian angel guide you and lead you to the way of peace.","St. Guardian Angels","","Biblical","St. Guardian Angels represent the divine assistance afforded to every individual through heavenly beings. These angels are believed to offer guidance, support, and protection throughout one's life. Revered for their unwavering commitment to safeguarding humanity, they remind the faithful of God's love and care.","The belief in guardian angels dates back to early theological writings and is rooted in Scripture, where angels are depicted as messengers of God."
"St. Anne","July 26","Mother of the Virgin Mary and the grandmother of Jesus Christ.","grandmothers, mothers, pregnant women, miners","1st century BC","Galilee","Female","nurturing; devout; resilient; compassionate; wise","If you are what you should be, you will set the whole world on fire.; Amen, amen, I say to you, whatever you ask the Father in my name, he will give you.; Indeed, the Lord has been glorious in my sight.","St. Anne","September 8 (Nativity of the Blessed Virgin Mary; celebrated as St. Anne's role is significant in Mary's life)","1st century BC","St. Anne is revered as the mother of the Virgin Mary and the grandmother of Jesus, embodying maternal love and virtue. She is celebrated for her unwavering faith and role in the Holy Family, deeply influencing Christian devotion to motherhood. Her life is a testament to the power of prayer, patience, and the nurturing spirit of women throughout history.","St. Anne's parents are traditionally recognized as St. Joachim and St. Anne in apocryphal writings, making her story a significant part of Christian heritage."
"St. Joachim","July 26","He is recognized as the father of the Virgin Mary and grandfather of Jesus Christ.","grandfathers, fathers, cabinet makers","1st century BC","Galilee","Male","family; faith; devotion; perseverance; love","The Lord has given me the fruit of my prayers.; Let us trust in the providence of God, even in times of trial.; True joy is found in the love we share with our families and with God.","St. Joachim","September 8 (Feast of the Nativity of Mary)","1st century BC","St. Joachim, a devout man from Galilee, is revered as the father of the Virgin Mary. He and his wife, St. Anne, are celebrated for their unwavering faith and the remarkable grace bestowed upon them in having a child after years of barrenness. Their legacy lives on through their daughter, Mary, the mother of Jesus, highlighting the importance of family in the Christian faith.","St. Joachim is typically depicted in art alongside St. Anne and their daughter Mary, often presenting a palm branch to symbolize peace and prosperity."
"St. Elizabeth (mother of John Baptist)","November 5","St. Elizabeth is revered as the mother of John the Baptist and the cousin of the Virgin Mary.","expectant mothers, pregnancy","1st century","Judea","Female","devotion; nurturing; faithful; patient; wise","My soul proclaims the greatness of the Lord, and my spirit rejoices in God my Savior.; Blessed are you among women, and blessed is the fruit of your womb.; The great blessings I now share are a testimony to God’s faithfulness.","St. Elizabeth","September 23 (Feast of St. Zechariah, her husband); May 31 (Visitation of the Blessed Virgin Mary)","1st century","St. Elizabeth was a devout woman chosen by God to be the mother of John the Baptist. Despite her advanced age, she conceived miraculously, exemplifying faith and trust in God’s plan. Her life is a testament to the joys and challenges of motherhood, as well as a profound connection to Mary's own journey.","St. Elizabeth is one of the few women in the Bible who speaks about divine revelation and her joy at being chosen by God."
"St. John the Baptist","June 24","The forerunner of Christ who baptized Jesus in the Jordan River.","baptism, tailors, farriers, epileptics, monastic life","d. c. 30 AD","Judea","Male","evangelical; ascetic; courageous; devout; humble","I am the voice of one crying out in the wilderness, 'Make straight the way of the Lord.'; He must increase, but I must decrease.; Behold the Lamb of God, who takes away the sin of the world!","St. John the Baptist","January 7 (Nativity of St. John the Baptist); September 29 (Feast of the Beheading of St. John the Baptist)","d. c. 30","St. John the Baptist is revered as the precursor to Jesus Christ, calling people to repentance in preparation for the coming Messiah. He lived a life of asceticism in the wilderness, preaching the need for spiritual renewal and performing baptisms of atonement. His boldness in denouncing sin led to his imprisonment and eventual martyrdom, making him a symbol of unwavering faith.","St. John is one of the few saints celebrated both for his birth and for his death."
"St. Joseph of Arimathea","March 17","Joseph of Arimathea is known for providing his own tomb for the burial of Jesus Christ.","funeral directors, pallbearers, antiquarians","1st century","Judea","Male","generous; courageous; compassionate; devout; resilient","He shall be called a Nazarene.; I have become a disciple of the one who was condemned.; Faith gives me the strength to stand in the face of fear.","St. Joseph of Arimathea","March 17; June 26","1st century","St. Joseph of Arimathea was a wealthy and respected member of the Jewish council who secretly followed Jesus. Despite the risk to his reputation and safety, he courageously requested Jesus' body from Pilate and laid it in his own tomb. His actions symbolize profound faith and compassion in the face of adversity.","According to legend, St. Joseph traveled to England and was the first to introduce Christianity there."
"St. Dismas","March 25","St. Dismas is recognized as the 'Good Thief' who repented and was crucified alongside Jesus.","prisoners, thieves, funeral directors, death row","1st century","Judea","Male","faithful; humble; repentant; compassionate; devout","Jesus, remember me when you come into your kingdom.; In you, Lord, I find my strength and salvation.; May my last words echo the love I found in you.","St. Dismas","March 25; Good Friday","1st century","St. Dismas is known as the penitent thief who, during his crucifixion, expressed sorrow for his sins and asked Jesus to remember him. His faith and repentance earned him the promise of paradise that very day, showing that redemption is possible at any point in life. He serves as a powerful symbol of hope for those struggling with sin and despair.","St. Dismas is often considered the first saint to enter heaven due to his act of repentance while on the cross."
"St. Longinus","March 15","St. Longinus is known as the Roman soldier who pierced the side of Jesus at the Crucifixion.","soldiers, cavalry, Mantua","1st century","Rome","Male","brave; devout; loyal; strong; military","Truly, this was the Son of God.; By this wound, I have found salvation.; With the blood of Christ, my sins are washed away.","St. Longinus","","1st century","St. Longinus, a Roman centurion, is remembered for his pivotal role at the Crucifixion of Christ when he pierced Jesus' side with a spear. He is said to have converted to Christianity after witnessing the events surrounding Jesus's death, profoundly impacting his life. Traditionally, he became a martyr for his faith, inspiring many as a symbol of conversion and bravery.","St. Longinus is often depicted in art holding the spear that pierced Jesus' side, symbolizing the moment of realization that led to his conversion."
"St. Veronica","July 12","St. Veronica is best known for compassionately wiping the face of Jesus on his way to Calvary, resulting in the image of His face miraculously being imprinted on her cloth.","photographers, laundry workers, artists","1st century","Jerusalem","Female","compassionate; brave; devout; empathetic; determined","In my heart, Lord, I carry Your passion.; Compassion is the greatest gift we can offer our fellow man.; Even the smallest gesture of love can change the world.","St. Veronica","February 4 (optional), September 27 (Feast of the Holy Face)","1st century","St. Veronica is remembered for her act of kindness towards Jesus during His Passion. Her bravery and devotion led her to defy the crowd to offer Him comfort in His time of suffering. This encounter not only solidified her place in Christian tradition but also established her as a symbol of compassion and empathy.","The cloth that St. Veronica used to wipe Jesus' face is said to bear His actual image, which is considered a holy relic in Christian tradition."
"Bl. Carlo Acutis","October 12","A young boy who created a website documenting Eucharistic miracles.","Internet, computer programmers, youth","1991-2006","Italy","Male","devout; joyful; innovative; youthful; faithful","The Eucharist is my highway to heaven.; To always be united with Jesus, this is my life's program.; Our aim has to be the infinite and not the finite. The infinite is our homeland.","Blessed Carlo Acutis","","1991-2006","Blessed Carlo Acutis was an Italian teenager known for his deep devotion to the Eucharist and his innovative use of technology to spread the message of faith. He created a comprehensive online archive of Eucharistic miracles that continues to inspire many today. Carlo passed away from leukemia at the age of 15, leaving behind a legacy of joy and faithfulness to Christ.","Carlo Acutis is often referred to as the 'Cyber Apostle of the Eucharist' due to his pioneering work in evangelization through the internet."
"Bl. Pier Giorgio Frassati","July 4","A compassionate young Italian known for serving the poor while passionately engaging in athletics and mountaineering.","students, athletes, young Catholics","1901-1925","Italy","Male","compassionate; adventurous; outgoing; faithful; inspiring","The world is in great need of people who can awaken hope.; Life is a gift that we must live to the full, always looking for the heights.; It is not enough to love, we must also act with love.","Blessed Pier Giorgio Frassati","1901-1925","1901-1925","Blessed Pier Giorgio Frassati was a remarkable Italian youth who dedicated his life to serving the underprivileged, often reflecting his deep Catholic faith through acts of charity. Despite his love for sports and the outdoors, he maintained a strong commitment to social reform and community service. His life, cut short at 24, continues to inspire young Catholics to embrace both faith and action in their lives.","Pier Giorgio was also an avid mountaineer, and he often used his outdoor adventures to connect with God and recharge his spirit."
"Bl. Chiara Badano","October 29","A courageous Italian girl whose unwavering faith illuminated her battle with terminal cancer.","sick teenagers, cancer patients","1971-1990","Italy","Female","courageous; joyful; spiritual; loving; inspirational","For you, I would smile even in pain.; If I have to suffer, I will suffer with joy.; I want everything for you, Lord.","Blessed Chiara Badano","1971-1990","d. 1990","Chiara Badano, born in Italy, radiated joy and faith even as she faced the challenges of terminal cancer. She became a symbol of hope and love for many, inspiring people with her deep spirituality and positive attitude. Her life, though brief, touched countless hearts and continues to inspire those suffering from illness today.","Chiara was a member of the Focolare Movement, which promotes unity and love among all people."
"Bl. Miguel Pro","November 23","A Mexican Jesuit priest known for his courageous ministry and martyrdom during a time of intense religious persecution.","Persecuted Christians, Mexico","1891-1927","Mexico","Male","courage; joy; sacrifice; faith; missionary","Viva Cristo Rey! (Long live Christ the King!); With all my heart I forgive my enemies!; May God have mercy on you! May God bless you! Lord, You know that I am innocent!","Blessed Miguel Pro","1927-11-23","1891-1927","Blessed Miguel Pro was a Mexican Jesuit priest renowned for his willingness to serve others during a brutal religious crackdown in Mexico. Utilizing disguises, he secretly provided sacraments and support to those in need, ultimately leading to his arrest and martyrdom. He was executed in 1927, proclaiming his faith with the words 'Viva Cristo Rey!' as a testament to his unwavering dedication to Christ.","Despite the threats to his life, Miguel Pro often celebrated Mass in secret and used disguises to evade authorities, sometimes dressing as a laborer or a businessman."
"Bl. Franz Jägerstätter","May 21","Austrian farmer who refused to serve in the Nazi army and was executed for his beliefs.","conscientious objectors, moral courage","1907-1943","Austria","Male","courage; conviction; faith; sacrifice; justice","I cannot and may not take an oath in favor of a government that is fighting an unjust war.; It is better to suffer injustice than to do it.; I am convinced that it is best that I speak the truth, even if it costs me my life.","Blessed Franz Jägerstätter","1907-1970","1907-1943","Franz Jägerstätter was an Austrian farmer whose steadfast refusal to fight for the Nazi regime made him a symbol of moral courage. In the face of immense pressure, he chose to stand by his convictions, ultimately paying the ultimate price for his beliefs in 1943. His life and sacrifice continue to inspire those who advocate for peace and justice.","Franz's decision to refuse military service was influenced in part by his deep Catholic faith and the teachings of the Church."
"Bl. Solanus Casey","July 30","He was an American Capuchin friar recognized for his gift of healing and service to the community.","Detroit, doorkeepers, the sick","1870-1957","United States","Male","humility; compassion; service; faith; patience","We should always pray for what we need, but we must never forget to thank God for what we have.; The greatest science in the world; in heaven and on earth; is that of the saints, which God has given to lead us to Him.; We must be more concerned about what God wants us to do than what we want to do.","Blessed Solanus Casey","","1870-1957","Blessed Solanus Casey dedicated his life to serving others with humility and compassion. Known for his incredible faith and healing abilities, he became a beloved figure among those who sought his counsel and intercessions. His legacy of patience in the face of trials continues to inspire many today.","Blessed Solanus was known to have a special love for the poor and made it his mission to provide them with food and care."
"Bl. Stanley Rother","July 28","An American priest martyred in Guatemala while serving the indigenous people.","Missionaries, Oklahoma, Guatemala","1935-1981","United States","Male","missionary; courageous; dedicated; compassionate; humble","I have no greater gift than to give my life for others.; The cross is not just a symbol of suffering; it is a sign of love.; To love others is to embrace the risk of pain.","Bl. Stanley Rother","1935-1981","1935-1981","Born in Oklahoma, Stanley Rother became a beloved priest in Guatemala, dedicating his life to serving the local indigenous population. His unwavering commitment to his community during a period of violent persecution led to his martyrdom in 1981. Rother's legacy of love and service continues to inspire many to this day.","Bl. Stanley Rother was the first U.S.-born priest to be beatified."
"Bl. Michael McGivney","August 13","Founder of the Knights of Columbus to support Catholic families.","Knights of Columbus, family protection","1852-1890","United States","Male","dedicated; compassionate; organizing; charitable; community-oriented","The greatest thing that we must remember is that we are part of the great family of God.; It is not how many times you go to Mass, but how many times the Mass goes through you.; The mother’s heart is the first place where a child learns about charity.","Blessed Michael McGivney","1852-1890","1852-1890","Blessed Michael McGivney was an American priest dedicated to serving his parish and empowering families through social welfare. As the founder of the Knights of Columbus in 1882, he pioneered an organization that provided assistance to families in need during an era of hardship. His legacy continues to inspire charitable work and community service in the Catholic Church today.","He was beatified on October 31, 2020, making him the first American-born parish priest to be declared Blessed."
"Bl. Anne Catherine Emmerich","February 9","A German Augustinian nun noted for her mystical visions and writings about the Passion of Christ.","mystics, the sick","1774-1824","Germany","Female","mystical; devout; compassionate; contemplative; spiritual","My soul is like a place where there is great silence. I see nothing and hear nothing, but my heart speaks to God.; The deepest suffering is the fruit of love, and the love of God is and remains all in all.; I saw a great light in my soul, and I felt such an abundance of love that I could hardly bear it.","Blessed Anne Catherine Emmerich","","1774-1824","Anne Catherine Emmerich was a German Augustinian nun whose profound mystical experiences brought her deep insights into the life of Jesus. Living a life of intense prayer and suffering, she recorded her visions, which have inspired countless believers. Her dedication to the way of the Cross has made her a beloved figure among the faithful.","Blessed Anne Catherine Emmerich's visions reportedly predate and influenced the filming of Mel Gibson's 'The Passion of the Christ.'"
"Bl. Imelda Lambertini","May 13","A young girl who died in ecstasy shortly after receiving her First Communion.","First Communicants, children","1322-1333","Italy","Female","devotion; innocence; joyful; passionate; spiritual","I can no longer live without my Jesus.; If only I could receive Him every day!; He is here, and I am filled with joy beyond measure.","Blessed Imelda Lambertini","1322-1333","d. 1333","Blessed Imelda Lambertini was a young Italian girl devoted to the Eucharist, who yearned to receive Holy Communion. She experienced a profound encounter with Jesus in the Blessed Sacrament, which led to her dying in a state of joyful ecstasy. Her life exemplifies deep faith and innocence, inspiring many in the Catholic Church.","Imelda is often depicted in art holding a host or standing in a beam of light, symbolizing her deep devotion to the Eucharist."
"Bl. Isidore Bakanja","August 15","A Congolese layman martyred for his unwavering faith and for teaching others about Christianity.","Catechists, persecution victims, Congo","1887-1909","Congo","Male","faith; courage; forgiveness; teaching; sacrifice","The white man did not like Christians. But I shall pray for him.; When I am in heaven, I shall pray much for him.; I forgive him because he did not know what he was doing.","Blessed Isidore Bakanja","1887-1909","1887-1909","Blessed Isidore Bakanja was a devoted layman in the Congo who encountered severe persecution for his Christian beliefs. He is best known for his resolve to wear the scapular and spread the teachings of Christ despite the threats against him. His martyrdom symbolizes the courage and dedication of Christians enduring oppression, inspiring many in their faith journeys.","Isidore's commitment to forgiveness even in the face of violence transformed his persecutor's heart after his death."
"Bl. Jacinta Marto","February 20","The youngest visionaries of Fatima who dedicated her life to praying for the conversion of sinners.","captives, children ridiculed for their faith","1910-1920","Portugal","Female","devotion; sacrifice; innocence; compassion; faith","I will pray a lot for you, and I also want you to pray for me.; The most Holy Virgin wishes to establish in the world the devotion to her Immaculate Heart.; If only they knew what eternity is! They would do everything to change their lives!","Blessed Jacinta Marto","February 20 (feast day), May 13 (First Apparition of Fatima), October 13 (Final Apparition of Fatima)","1910-1920","Blessed Jacinta Marto was a shepherd girl from Portugal who witnessed the Marian apparitions in Fatima in 1917. Known for her profound devotion at a young age, she offered her suffering for the salvation of others and was deeply affected by the reality of sin and its consequences. Jacinta died at the tender age of 9, leaving behind a legacy of unwavering faith and love for the Immaculate Heart of Mary.","Jacinta was so deeply devoted that she would endure illness and suffering, offering them up specifically for the conversion of sinners."
"Bl. Francisco Marto","February 20","A visionary of Fatima who devoted his life to prayer and consolation of Jesus.","children, contemplatives","1908-1919","Portugal","Male","contemplative; devout; innocent; peaceful; affectionate","I want to make Jesus happy, and that is why I pray.; When you look at the sky, you can feel the presence of God.; The angels taught us to pray, and I feel the joy of being close to them.","Bl. Francisco Marto","May 13; October 13","1908-1919","Bl. Francisco Marto was one of the three shepherd children who witnessed the apparitions of Our Lady of Fatima. He was known for his profound devotion and desire to console Jesus, spending hours in prayer and meditation. His deep faith and spiritual insights continue to inspire many in their journey of faith.","Francisco had a special bond with his sister Jacinta, who also witnessed the apparitions and shared his fervent love for God."
"St. Philip Neri","May 26","An influential figure in the Catholic Church, known for his joyful spirit and the founding of the Oratory.","Rome, humor, joy, US Army Special Forces","1515-1595","Italy","Male","joyful; humble; charismatic; approachable; compassionate","The greatest deception men suffer is from their own opinions.; A soul filled with joy is like a light that never dims.; If you wish to be rich, do not add to your money, but subtract from your desire.","St. Philip Neri","","1515-1595","St. Philip Neri was a 16th-century priest who revitalized the spiritual life of Rome with his lively personality and humor. He founded the Oratory, a community of priests dedicated to prayer and outreach, which emphasized joyful devotion. Through his innovative pastoral care and focus on social engagement, he significantly shaped the spirituality of his time.","St. Philip Neri is known for having a deep love for music and often used it to inspire joy in others."
"St. Robert Bellarmine","September 17","A prominent Jesuit cardinal and Doctor of the Church, recognized for his defense of Catholic doctrine.","Catechists, canon lawyers, catechumens","1542-1621","Italy","Male","intellectual; devout; compassionate; articulate; wise","The church is a great liar, and it lies against itself in order to unite itself.; In adversity, in great disappointment, in the anguish and struggle of life, we turn with confidence to God.; A priest is more than a man, he is a messenger of God.","St. Robert Bellarmine","1542-1621","1542-1621","St. Robert Bellarmine was a pivotal figure in the Counter-Reformation, known for his deep commitment to teaching and defending the faith. He served as a cardinal and was instrumental in shaping the Catholic Church’s response to Protestantism through his writings and theological insights. His legacy continues to inspire those involved in education and catechesis today.","St. Robert Bellarmine was the first Jesuit to be canonized as a saint."
"St. Francis de Sales","January 24","Bishop of Geneva and a friend of the common people, he contributed significantly to the spiritual literature of the Catholic Church.","Writers, journalists, deaf people","1567-1622","France/Savoy","Male","gentle; patient; insightful; compassionate; joyful","You can catch more flies with honey than with vinegar.; The measure of love is to love without measure.; A bow must be rested, lest it be broken.","St. Francis de Sales","December 28 (feast of the Holy Innocents, as he is sometimes commemorated)","1567-1622","St. Francis de Sales was a prominent bishop in the early 17th century who dedicated his life to the pastoral care of his diocese amidst the challenges of the Protestant Reformation. His writings, steeped in compassion and clarity, helped make the Catholic faith accessible and appealing to many. He is remembered not only for his theological insights but also for his enduring principles of gentleness and love in personal interaction.","St. Francis de Sales was known to write over 20,000 letters, many of which contained profound spiritual insights."
"St. Jane Frances de Chantal","August 12","Co-founder of the Visitation Order alongside St. Francis de Sales.","Widows, forgotten people, in-law problems","1572-1641","France","Female","compassionate; resilient; devout; nurturing; insightful","If you are faithful in little things, you will be faithful in great things.; Love consists of not only serving, but also of going forth to meet others.; In the midst of distress, never forget the importance of peace in your heart.","St. Jane Frances de Chantal","","1572-1641","St. Jane Frances de Chantal was a French widow who, after the death of her husband, dedicated her life to God and the service of others. She co-founded the Order of the Visitation of Holy Mary with St. Francis de Sales, emphasizing the importance of community and compassion. Known for her deep spiritual insights and nurturing character, she left a lasting legacy of love and service in the Church.","St. Jane Frances de Chantal had a great influence on the spirituality of her time, often writing letters that provided guidance and comfort to others."
"St. Charles Borromeo","November 4","He was a cardinal instrumental in the reform of the Catholic Church in the wake of the Council of Trent.","seminarians, bishops, catechists, apple orchards","1538-1584","Italy","Male","reform; leadership; charity; discipline; service","If we wish to make any progress in the service of God we must begin every day of our life with new eagerness.; Be sure that you first preach by the way you live.; I am a bishop and I must die serving my people.","St. Charles Borromeo","1538-1584","d. 1584","St. Charles Borromeo dedicated his life to reforming the Church and improving the spiritual and educational needs of his community. Known for his compassion, he tirelessly served plague victims during an outbreak, demonstrating his deep commitment to his flock. He played a key role in establishing seminaries and promoting educational reforms that shaped the future of the clergy.","St. Charles Borromeo is known for his rigorous self-discipline, often sleeping on a simple straw mattress."
"St. Isidore of Seville","April 4","A foundational figure in the early Middle Ages who compiled extensive encyclopedic knowledge.","Internet, computer users, students, programmers","c. 560-636","Spain","Male","intellectual; organizer; teacher; writer; wise","The person who does not read will not be read.; Nothing is more important than to know our own soul so that we may increasingly desire the treasures of heaven.; Prayer and reading are the sources of wisdom; the heart is sincere when both are present.","St. Isidore of Seville","April 26 (fête of St. Isidore in some regions)","c. 560-636","St. Isidore of Seville was a prominent bishop and scholar whose works laid the groundwork for the preservation of knowledge during the Dark Ages. His encyclopedias served as vital resources for generations of students and thinkers, emphasizing the importance of education and faith. Revered as a Doctor of the Church, his influence extends into modern times, particularly in the field of information science.","St. Isidore is often referred to as the 'father of the Internet' due to his compilation of knowledge that mirrors how information is interconnected today."
"St. Angela Merici","January 27","Angela Merici is renowned for founding the Ursulines, the first teaching order of women dedicated to the education of girls.","sick people, disabled people, teachers","1474-1540","Italy","Female","compassionate; visionary; dedicated; inspiring; faithful","Do not be afraid! Take the leap with trust in God, and He will guide you.; The greatest blessing is to have a heart open to God’s grace and guidance.; Let us strive to be the light in the world, sharing love and wisdom with all.","St. Angela Merici","January 5 (Ursuline Founders' Feast)","1474-1540","St. Angela Merici was a visionary educator who dedicated her life to improving the spiritual and educational landscape of her time. As a strong advocate for women's education, she established the Ursuline order in 1535, emphasizing the importance of teaching girls. Her legacy continues to inspire countless educators and students today.","St. Angela Merici was known for her mystical experiences and had a deep commitment to prayer and spiritual reflection."
"St. Gerard Majella","October 16","St. Gerard Majella was a Redemptorist lay brother renowned for his miraculous intercession, particularly for expectant mothers.","expectant mothers, childbirth, unborn children","1726-1755","Italy","Male","humility; obedience; faith; healing; service","What can I say? I don't know how to express my love for you, except to say that I love you as I love God.; The more we give ourselves to God, the more He takes us into His own heart.; I cannot help but love you, for it is God Himself who inspires me to love you.","St. Gerard Majella","February 16; October 17","1726-1755","St. Gerard Majella was a humble and devoted lay brother of the Redemptorist order who dedicated his life to serving others through prayer and miraculous deeds. He gained a reputation for his compassion and was particularly known for assisting women during pregnancy and childbirth. His legacy lives on as a beloved saint amongst families and expectant mothers seeking comfort and support.","Despite his short life, St. Gerard Majella was renowned for performing numerous healings and miracles, earning him a special place in the hearts of many."
"St. John of Capistrano","October 23","A fervent Franciscan preacher renowned for his leadership during the Siege of Belgrade.","Military chaplains, jurists, Belgrade","1386-1456","Italy","Male","preaching; courage; leadership; warrior; faith","He who is prepared to die for his faith will never perish.; Never forget that about a person. Love is forgetting self.; The greatest evil in the world today is the lack of respect for the things of God.","St. John of Capistrano","October 23 (Feast Day); July 23 (commemoration in some regions)","1386-1456","Born in Italy, St. John of Capistrano dedicated his life to the Franciscan order and became an influential preacher. His passionate oratory inspired many, particularly during the critical defense against the Ottoman Empire in 1456. His legacy endures as a symbol of faith and commitment to justice.","In addition to his preaching, he founded numerous Franciscan communities across Europe and is credited with reviving the order."
"St. Peter Canisius","December 21","A prominent figure in the Counter-Reformation and a Jesuit Doctor of the Church.","Germany, catechists, Catholic press","1521-1597","Netherlands/Germany","Male","dedicated; intellectual; missionary; insightful; resilient","I have my own life to live and I must live it for God.; Evil is the absence of good, and where good flourishes, evil cannot thrive.; In the battle for souls, we must first conquer our own.","St. Peter","March 30; February 27","1521-1597","St. Peter Canisius was a pivotal figure in the Catholic Reformation in Germany, known for his fervent missionary work and his dedication to education. He authored influential catechisms that helped clarify Catholic doctrine during a time of great turmoil. His commitment to spreading the faith and his intellectual contributions earned him a place among the Doctors of the Church.","St. Peter Canisius was the first Dutch Jesuit and played a significant role in founding the Jesuit order's mission in Germany."
"St. André Bessette","January 6","A Holy Cross brother renowned for his miraculous healings and the construction of St. Joseph's Oratory in Montreal.","doorkeepers, the sick, Montreal","1845-1937","Canada","Male","humble; compassionate; dedicated; cheerful; spiritual","One should not be discouraged; when we submit ourselves fully to God, He will work miracles in our lives.; The most important thing is to pray and to inspire others to pray.; A person who is humble and has faith is capable of performing wonders beyond all expectation.","St. André Bessette","January 7 (some sources)","1845-1937","St. André Bessette, also known as Brother André, dedicated his life to the spiritual and physical well-being of others. Though he faced criticism and doubt due to his humble beginnings, he became a beacon of hope for the suffering through his unwavering faith and devotion. His legacy is immortalized in the grandeur of St. Joseph's Oratory, a testament to his lifelong commitment to the service of God and His people.","Despite having very little formal education, St. André Bessette was able to draw attention and build one of Canada’s most important religious sites solely through his faith and the miracles attributed to him."
"St. Junípero Serra","July 1","Founder of the California mission system and evangelizer of the native populations.","California, vocations, Hispanic Americans","1713-1784","Spain","Male","missionary; perseverance; courage; faith; evangelization","For me, the most important thing is not to lose faith, even when times are difficult.; In every trial, I see the hand of God guiding me.; Let us seek the Lord's grace and walk always in His love.","St. Junípero Serra","Mission San Diego de Alcalá founded: July 16, 1769; Mission San Juan Capistrano founded: November 1, 1776","1713-1784","St. Junípero Serra was a Spanish Franciscan missionary who dedicated his life to spreading the Catholic faith in California. He founded nine of the 21 California missions, working tirelessly to convert and educate the indigenous peoples. Serra is remembered for his deep faith and commitment to his mission, despite facing numerous challenges and hardships.","St. Junípero Serra is considered the first saint of the United States, canonized by Pope Francis in 2015."
"St. Marguerite Bourgeoys","January 12","Foundress of the Congregation of Notre Dame, known for her dedication to educating girls in New France.","Against poverty, loss of parents, teachers","1620-1700","France/Canada","Female","dedicated; compassionate; inspiring; resilient; humble","In the little things, we find great love.; Teaching is not just about imparting knowledge; it is about shaping hearts.; Let us live according to our mission as daughters of God.","St. Marguerite Bourgeoys","","1620-1700","St. Marguerite Bourgeoys was a pioneering French educator who established schools in the New World, dedicated to the spiritual and academic formation of young girls. She founded the Congregation of Notre Dame, which played a crucial role in the development of education in Canada. Her legacy continues to inspire teaching and community service to this day.","St. Marguerite was the first woman to be canonized in Canada, highlighting her unique contributions to both education and the Catholic Church in the region."
"St. Marguerite d'Youville","October 16","Founder of the Grey Nuns dedicated to serving the impoverished in Canada.","Widows, difficult marriages, grieving parents","1701-1771","Canada","Female","compassionate; resilient; humble; empathetic; dedicated","Let us embrace our trials with love and continue to trust in God.; The service of the poor is a privilege and a responsibility.; In every act of kindness, we see the face of Christ.","St. Marguerite d'Youville","1701-1771","1701-1771","St. Marguerite d'Youville was a devoted Canadian widow known for her unyielding commitment to the less fortunate. In the face of personal hardship, she established the Grey Nuns, who became instrumental in providing care for the poor and the sick in the 18th century. Her legacy of compassion and service continues to inspire countless individuals around the world.","St. Marguerite de Youville was the first native-born Canadian to be canonized."
"St. Maria Goretti","July 6","A courageous young martyr who exemplified forgiveness and purity.","youth, young women, purity, forgiveness, victims of assault","1890-1902","Italy","Female","pure; forgiving; courageous; faithful; youthful","I forgive Alessandro and I want him to be with me in Heaven.; No! It is a sin! God does not want it!; May God forgive him; I have already forgiven him.","St. Maria Goretti","July 6","1890-1902","St. Maria Goretti was a twelve-year-old Italian girl who became a martyr for her faith and commitment to purity. She forgave her attacker with her dying words, embodying the virtue of forgiveness and leaving a profound impact on the Catholic Church. Canonized in 1950, her life continues to inspire many to uphold the values of faith and resilience.","St. Maria Goretti was only 11 when she was attacked, yet she exhibited extraordinary courage and strength in her final moments."
"St. Gemma Galgani","April 11","An Italian mystic renowned for receiving the stigmata and experiencing profound ecstatic visions.","Students, pharmacists, those suffering back injuries, loss of parents","1878-1903","Italy","Female","mystical; devotional; compassionate; insightful; resilient","I desire to love God more than anything else.; In all that I do, I wish to please Jesus and draw others closer to Him.; The more I suffer, the more I feel the love of God in my heart.","St. Gemma Galgani","","1878-1903","St. Gemma Galgani was born in Italy and devoted her life to prayer and the deep love of Jesus Christ. Known for her mystical experiences, including the stigmata, she endured great suffering yet remained a beacon of faith. Her legacy continues to inspire countless individuals seeking solace and guidance in their spiritual journeys.","Despite her short life, St. Gemma was known for writing numerous letters that conveyed her deep spiritual insights and experiences with God."
"St. Leopold Mandić","May 12","A devoted Croatian Capuchin recognized as the apostle of confession.","Confessors, Christian unity","1866-1942","Croatia","Male","forgiving; patient; humble; compassionate; dedicated","Forgive and love, it is our duty, and it is the hardest thing to do.; In every confession, the Lord reveals His mercy through us.; Trust in God and He will never abandon you; we are only vessels of His peace.","St. Leopold Mandić","1866-1942","d. 1942","St. Leopold Mandić was a Croatian Capuchin friar known for his extraordinary dedication to the sacrament of confession, often spending up to 15 hours a day in the confessional. His life was characterized by a deep commitment to forgiveness and reconciliation, which inspired many to seek spiritual guidance through him. Despite facing numerous challenges, he remained humble and devoted to serving others until his death in 1942.","St. Leopold was so dedicated to hearing confessions that he often had to be reminded to eat and rest."
"St. Charbel Makhlouf","July 24","A Lebanese Maronite monk renowned for his profound spirituality and posthumous miracles.","Lebanon, prayer, perseverance","1828-1898","Lebanon","Male","contemplative; devout; serene; humble; silent","Pray to love God with all your heart.; The heart that loves and prays has a heart that is always in peace.; In every moment of suffering, there is a seed of hope and sanctity.","St. Charbel Makhlouf","December 24 (death date)","1828-1898","St. Charbel Makhlouf was a devout Maronite monk who embraced a life of solitude and contemplation, dedicating himself wholly to God. He lived a simple yet profound life in a hermitage in Lebanon, where his deep prayer and asceticism drew many to the faith. After his death, countless miracles were attributed to his intercession, solidifying his legacy as a powerful saint in the Catholic Church.","His body remains incorrupt, attracting pilgrims from around the world to his shrine in Annaya, Lebanon."
"St. Pedro Calungsod","April 2","A Filipino teenage catechist who was martyred in Guam while defending a priest.","Filipino youth, catechists, altar servers","1654-1672","Philippines","Male","youth; courage; devotion; sacrifice; faith","I will always be ready to lay down my life for the Lord and His mission.; Where there is faith, there is the way.; The greatest treasure is the faith we carry within us.","St. Pedro Calungsod","1654-1672","d. 1672","St. Pedro Calungsod was a devoted catechist who, at a young age, demonstrated remarkable dedication to his faith. His life was profoundly marked by his commitment to serving God and the Church, culminating in his martyrdom on the island of Guam. He is remembered not just for his courage, but also for inspiring young people to embrace their faith with zeal.","St. Pedro Calungsod is one of the first Filipino saints to be canonized, reflecting the growing recognition of Filipino contributions to the Catholic Church."
"St. Turibius of Mogrovejo","March 23","Archbishop of Lima who evangelized Peru and defended indigenous rights.","Peru, Latin American bishops, native rights","1538-1606","Spain/Peru","Male","compassion; leadership; justice; missionary; reform","A true pastor must not only think of his own salvation, but also of that of his flock.; The shepherd must not cater only to his own comfort, but sacrifice for those entrusted to his care.; My joy consists in performing God’s will, which is the salvation of souls.","St. Turibius of Mogrovejo","1538-1606","1538-1606","St. Turibius of Mogrovejo was a Spanish priest who became the Archbishop of Lima during the Spanish colonization of South America. He tirelessly worked to evangelize the indigenous peoples and fought for their rights against colonial injustices. His dedication to reforming the Church and promoting justice has made him a revered figure in the history of Peru.","St. Turibius is known for conducting some of the earliest synods in the Americas, focusing on the needs of his diverse congregation."
"St. José Sánchez del Río","February 10","A courageous teenage martyr who bravely upheld his Christian faith during the Cristero War.","Persecuted Christians, Mexican youth","1913-1928","Mexico","Male","courage; faith; youth; sacrifice; conviction","Viva Cristo Rey!; Tell my parents I will see them in Heaven.; I will never give in to the threats of men!","St. José Sánchez del Río","1913-1928","d. 1928","St. José Sánchez del Río was a young Mexican martyr who lost his life at the tender age of 14 for his unwavering commitment to Christ during the Cristero War. After refusing to renounce his faith, he was tortured and ultimately executed, becoming a symbol of youthful conviction and resistance. His powerful legacy continues to inspire countless young people to stand firm in their beliefs.","St. José was martyred just days after he was captured, showcasing extraordinary bravery for someone so young."
"St. Mariana de Jesús","May 26","Ecuadorian mystic known for her self-sacrifice during a plague and earthquake.","Ecuador, sick people, Americas","1618-1645","Ecuador","Female","mystical; self-sacrificing; devout; contemplative; compassionate","Lord, I offer my life for the cessation of these calamities.; My God, I love You above all things.; Take my life, but spare my people.","St. Mariana de Jesús","1618-1645","1618-1645","St. Mariana de Jesús, born in Quito, Ecuador, dedicated her life to prayer and selflessness in the face of communal suffering. During horrific plagues and earthquakes, she offered her life for the well-being of her fellow citizens, embodying profound love and devotion. Her mystical experiences and commitment to God have made her a beloved figure in her homeland.","St. Mariana is often associated with flowers, especially lilies, which symbolize her purity and devotion."
"St. Peter of Alcántara","October 19","A Spanish Franciscan mystic known for his intense commitment to penance and spiritual guidance, particularly in his support of St. Teresa of Ávila.","Brazil, watchmen, extreme penance","1499-1562","Spain","Male","contemplation; poverty; mysticism; discipline; prayer","The soul that takes for its guide the Spirit of God will never be deceived.; In order to receive the Divine light of the Holy Spirit, it is necessary to strip oneself of all self-love.; What greater disgrace can there be than for a man to fail to make himself a man of prayer?","St. Peter of Alcántara","d. 1562","1499-1562","St. Peter of Alcántara was a dedicated Franciscan who exemplified the life of deep contemplation and penitential practices. He played a significant role in the reform of the Franciscan Order alongside St. Teresa of Ávila, encouraging a return to strict observance. His teachings and spiritual writings continue to inspire those seeking a deeper relationship with God through prayer and asceticism.","St. Peter once reportedly traversed great distances barefoot as a form of penance, demonstrating his devotion and willingness to suffer for his faith."
"St. John of Ávila","May 10","A prominent Spanish priest and Doctor of the Church known for his profound spiritual writings and guidance to many saints.","Spanish diocesan clergy, Andalusia","1500-1569","Spain","Male","thoughtful; compassionate; insightful; humble; inspiring","In the pursuit of truth, do not allow the motive to place your faith solely in your own merits.; A humble man has no greater desire than to be nothing, knowing that God is everything.; To live in such a way as to be close to God, we must not fear the unknown.","St. John of Ávila","","1500-1569","St. John of Ávila was a dedicated priest and reformer who played a significant role in the spiritual revival of 16th-century Spain. He is celebrated for his deep insights and teachings on the spiritual life, which influenced many saints, including St. Teresa of Ávila and St. John of the Cross. Recognized as a Doctor of the Church, his legacy endures through his writings and the spiritual direction he provided to countless individuals seeking a deeper relationship with God.","St. John of Ávila was known to have a mysterious title, 'Apostle of Andalusia,' due to his impact on the region's religious life."
"St. Anthony Mary Claret","October 24","Spanish archbishop and founder of the Congregation of Missionary Sons of the Immaculate Heart of Mary (Claretians).","Catholic press, weavers, textile merchants","1807-1870","Spain","Male","passionate; visionary; humble; dedicated; charismatic","Speak the truth and do not be afraid.; I wish to be a flame of love that ignites and lights the hearts of the people.; To love God is to share in His sorrow and to rejoice in His glory.","St. Anthony Mary Claret","January 23","1807-1870","St. Anthony Mary Claret was a passionate preacher and reformer dedicated to spreading the Gospel through literature and social justice. He founded the Claretian order to focus on education and missionary work, significantly impacting many lives. Known for his fiery love for the Virgin Mary, he emphasized the importance of faith in everyday life.","St. Anthony Mary Claret was also a skilled artisan, having initially trained in weaving before becoming a priest and archbishop."
"St. Peter Julian Eymard","August 2","He is revered as the Apostle of the Eucharist and founded the Blessed Sacrament Fathers.","Eucharistic congresses, Eucharistic adoration","1811-1868","France","Male","devout; compassionate; introspective; inspiring; faithful","The Eucharist is the bread of life, the source of all grace.; The greatest gift we can give to our neighbor is the Eucharist.; In the Eucharist, we behold the full love of Christ for humanity.","St. Peter Julian Eymard","February 3","1811-1868","Born in France, St. Peter Julian Eymard dedicated his life to promoting devotion to the Eucharist. He founded the Congregation of the Blessed Sacrament to foster Eucharistic worship and ensure that the presence of Christ in the Eucharist was honored and celebrated. His teachings and writings continue to inspire countless faithful in their spiritual journeys.","St. Peter Julian Eymard advocated for daily Eucharistic adoration, which was relatively uncommon at his time."
"St. John Eudes","August 19","He was a French priest and founder of the Congregation of Jesus and Mary, renowned for his devotion to the Sacred Hearts of Jesus and Mary.","Sacred Heart devotion, priests, France","1601-1680","France","Male","devotion; dedicated; charismatic; inspirational; compassionate","I will not rest until I see the hearts of Jesus and Mary enthroned in all the hearts of men.; The infinite goodness of God calls us to a loving response.; He who wishes to be loved by God must offer him his heart completely, without any reserve.","St. John Eudes","February 19 (optional liturgical celebration in some circles)","1601-1680","St. John Eudes dedicated his life to promoting the devotion to the Sacred Hearts of Jesus and Mary during a time of significant religious upheaval. He founded the Congregation of Jesus and Mary and played a crucial role in the spiritual renewal of France. His teachings continue to inspire devotion and a deeper understanding of Christ's love.","St. John Eudes is also known for introducing the liturgical celebration of the feast of the Sacred Heart of Jesus."
"St. Claude de la Colombière","February 15","St. Claude de la Colombière was a Jesuit priest recognized for his role as the spiritual director to St. Margaret Mary Alacoque.","toy makers, turners","1641-1682","France","Male","devout; compassionate; humble; thoughtful; inspirational","To live without hope is to cease to live.; The very essence of love is to give, to exchange, to communicate.; I must die to myself and live for my God, who is my life.","St. Claude de la Colombière","February 15; 1641-1682","1641-1682","Born in 1641 in France, St. Claude de la Colombière devoted his life to the Society of Jesus. He played a crucial role in promoting devotion to the Sacred Heart of Jesus through his guidance of St. Margaret Mary Alacoque. His dedication to teaching and mentorship left a lasting impact on the Jesuit community and the broader church.","St. Claude was briefly imprisoned for his faith during a turbulent period of political unrest in France."
"St. Josaphat","November 12","Martyr for the unity of the Eastern and Western Churches.","Ukraine, Eastern Catholic Churches, ecumenism","1580-1623","Ukraine","Male","unity; courage; leadership; sacrifice; faith","I stand before you now not as a persecutor, but as a shepherd willing to lay down my life for my sheep.; There is no greater love than to lay down one’s life for one’s friends.; Let us strive together for the love of Christ and the unity of His Church.","St. Josaphat","March 12 (Martyrdom); November 12 (Feast Day)","1580-1623","St. Josaphat, born in the late 16th century in Ukraine, became an influential archbishop known for his fervent advocacy for the unity of the Eastern Orthodox and Roman Catholic Churches. His dedication in promoting reconciliation and understanding led to his martyrdom in 1623, as he was brutally killed by those opposed to his mission. Celebrated as a saint, he continues to inspire efforts toward ecumenical dialogue and unity among Christians today.","St. Josaphat was the first saint to be canonized from the Eastern Catholic Churches."
"St. Elizabeth of the Trinity","November 8","A French Carmelite mystic known for her profound teachings on the indwelling Trinity.","sick people, loss of parents","1880-1906","France","Female","contemplative; mystical; devout; prayerful; peaceful","The more we keep silence, the more we shall hear the voice of God.; To be a saint is to be a lover of the Holy Trinity.; My vocation is to be love in the heart of the Church.","St. Elizabeth of the Trinity","","1880-1906","St. Elizabeth of the Trinity was a significant figure in the Carmelite order, whose spiritual writings emphasized the presence of God within the soul. She devoted her life to contemplation and the pursuit of holiness, creating a profound legacy that continues to inspire many. Her mystical insights provide a pathway to understanding the divine relationship each person can cultivate in their life.","She wrote over 200 letters and spiritual commentaries that showcase her deep theological insights and reflections on the inner life."
"St. Marcellin Champagnat","June 6","Founder of the Marist Brothers, dedicated to the education of youth.","Teachers, educators","1789-1840","France","Male","dedicated; compassionate; humble; encouraging; visionary","To teach is to touch a life forever.; In every action, let us strive to serve God and our neighbor.; Let us be as gentle as Mary in our approach to the children.","St. Marcellin Champagnat","April 6 (death); July 2 (first profession of the Marist Brothers)","1789-1840","St. Marcellin Champagnat was a French priest who recognized the urgent need for educational reform for the young. He established the Marist Brothers in 1817, emphasizing a curriculum rich in faith and moral values. His legacy continues through the thousands of Marist schools worldwide that serve youth in diverse communities.","St. Marcellin chose to dedicate his life to education after being inspired by the struggles of children in his own community."
"St. Mary MacKillop","August 8","Pioneer of Catholic education in Australia and founder of the Sisters of St. Joseph.","Australia, Archdiocese of Brisbane","1842-1909","Australia","Female","determined; compassionate; courageous; dedicated; visionary","If you have a good spirit, you will inspire hope in others.; Whatever you are and wherever you are, you can do something to make the world a better place.; Courage is not the absence of fear, but the presence of love.","St. Mary MacKillop","January 21 (anniversary of her death)","1842-1909","St. Mary MacKillop was the first Australian to be canonized as a saint in the Catholic Church. She dedicated her life to educating the underprivileged, particularly the poor and Aboriginal children, often overcoming significant challenges. Her legacy is celebrated through the continued work of the Sisters of St. Joseph across Australia and beyond.","St. Mary MacKillop was excommunicated for a short period due to conflicts with church authorities but was later reconciled and canonized."
"St. Alphonsa of the Immaculate Conception","July 28","First woman from India to be canonized, who offered her suffering for the salvation of souls.","India, sick people, those facing opposition","1910-1946","India","Female","suffering; faith; devotion; patience; love","I have found my heaven on earth, for I am with you, Jesus.; Love can never be lost; its worth is beyond compare.; I will bear all pains with joy because I love Jesus.","St. Alphonsa of the Immaculate Conception","1910-1946; Canonized on October 12, 2008","1910-1946","St. Alphonsa, born in the Indian state of Kerala, embraced a life of intense suffering and devotion. Despite physical ailments throughout her life, she maintained a profound faith and dedicated her trials to God. Her beatification and subsequent canonization have inspired countless Christians, particularly in India, to find grace in their own struggles.","St. Alphonsa was the first woman of Indian origin to be canonized by the Catholic Church."
"St. Laura Montoya","October 21","A dedicated Colombian foundress who evangelized and uplifted the indigenous peoples of Latin America.","Colombia, indigenous peoples, missionaries","1874-1949","Colombia","Female","missionary; dedicated; compassionate; resilient; inspirational","I see you, Lord, in the simplest and most humble people.; Our mission is to love and to serve, for true joy is found in giving.; May our hearts always be open to the calling of the neediest among us.","St. Laura Montoya","1874-05-26; 1949-10-21","1874-1949","St. Laura Montoya was a pioneering missionary who devoted her life to serving the indigenous communities of Colombia. Through her efforts, she founded the Missionary Sisters of Mary Immaculate, working tirelessly to promote education and faith among marginalized populations. Her legacy continues to inspire the commitment to social justice and spiritual growth within the Church.","St. Laura Montoya was known to have a special connection with nature, often expressing her belief that the beauty of creation was a reflection of God's love."
"St. Basil the Great","January 2","A renowned theologian and one of the Cappadocian Fathers who played a crucial role in the development of monasticism and the defense of Trinitarian doctrine.","Hospital administrators, monks, education","329-379","Cappadocia (Turkey)","Male","intellectual; charitable; reformative; wise; inspiring","In the matter of a man's life, one ought to strive against one's own negligence.; The measure of a man is what he does with power.; He who is in the habit of practicing good works has no need to be reminded of his duties.","St. Basil the Great","","329-379","St. Basil the Great was a prominent bishop and theologian in the early Church, known for his deep commitment to Christian doctrine and ascetic life. He established communal monasticism, creating rules that shaped monastic life in the Eastern Church. His writings and teachings continue to influence Christian thought and practice today.","He is credited with the development of the 'Basilian Rule,' which laid the foundation for monasticism in the Eastern Orthodox tradition."
"St. Gregory of Nazianzus","January 2","A key figure in early Christian theology and a Doctor of the Church.","poets, theologians","329-390","Turkey","Male","intellectual; poetic; contemplative; teacher; wise","A theologian is one who prays truly; a one who prays truly is a theologian.; The best way of overcoming evil is to do good.; He who refuses to obey may be shackled, but he who obeys is set free.","St. Gregory of Nazianzus","January 25; May 9","d. 390","St. Gregory of Nazianzus, born in Cappadocia, was a prominent theologian who played a crucial role in the early Church's development. He is especially remembered for his eloquent sermons and writings that shaped the understanding of the Trinity. As a former Patriarch of Constantinople, he guided the church during a time of significant doctrinal conflict.","St. Gregory was known for his poetic skills and often infused his theological works with literary beauty."
"St. Leo the Great","November 10","He was a significant Pope who defined Christology and confronted the threat posed by Attila the Hun.","Popes, confessors","c. 400-461","Tuscany, Italy","Male","leadership; courage; teaching; diplomacy; conviction","The unity of the divine essence is not broken by the distinction of the persons.; It is a great thing for us to know how to bear adversity that we may be able to reign in glory.; He who has a pure heart is not troubled by the trials of this life.","St. Leo the Great","September 28 (commemoration of St. Leo I)","c. 400-461","St. Leo the Great served as Pope from 440 to 461 and was a pivotal figure in the development of the Church's doctrine. He is best known for his theological contributions, particularly at the Council of Chalcedon, where he affirmed the two natures of Christ. His diplomatic efforts helped avert the sacking of Rome by Attila the Hun, securing his legacy as a great leader and teacher.","St. Leo was the first pope to be called 'the Great' due to his influential role in the early Church."
"St. Pius X","August 21","St. Pius X was a Pope renowned for promoting early Communion for children and reforming liturgical practices.","first communicants, pilgrims","1835-1914","Italy","Male","reform; humility; teaching; leadership; simplicity","Holy Communion is the shortest and safest way to Heaven.; To restore all things in Christ.; The greatest obstacle to the reception of Holy Communion is the fear of not being good enough.","St. Pius X","September 20 (Papal Election); 1914 (Death)","1835-1914","Born in Riese, Italy, St. Pius X served as Pope from 1903 until his death in 1914, leading significant reforms in the Church. His advocacy for the reception of Holy Communion at an early age transformed the spiritual lives of many children. St. Pius X is remembered for his humble demeanor, strong leadership, and dedication to restoring the Church's focus on the Eucharist.","St. Pius X is the only Pope in history to have declared the importance of frequent Communion as a necessity for spiritual growth."
"St. Irenaeus of Lyon","June 28","An early Church Father known for his fight against Gnosticism and his theological writings.","Catechists, apologists","c. 130-202","Smyrna/Turkey","Male","intellectual; dedicated; persuasive; scholarly; influential","The Scriptures are indeed full of the abundance of the Spirit of God.; For in the most ancient times, the leaders of the Church used to hand down knowledge to their successors.; It is through the Spirit that we are lifted and transformed into the likeness of God.","St. Irenaeus of Lyon","c. 130; c. 202","c. 130-202","St. Irenaeus of Lyon was a prominent early Christian theologian and bishop who played a crucial role in the development of Christian doctrine. He is primarily remembered for his work 'Against Heresies,' where he systematically refuted Gnostic teachings and emphasized the importance of apostolic tradition. His commitment to the truth of faith and the unity of the Church has left a lasting legacy in Christianity.","Irenaeus is one of the earliest proponents of the idea that the four Gospels were established as a definitive standard for the Church, contrasting with other texts that surfaced in early Christianity."
"St. Justin Martyr","June 1","An early Christian apologist, St. Justin defended the faith against philosophical and pagan challenges.","philosophers, lecturers, apologists","c. 100-165","Flavia Neapolis (Palestine)","Male","intellectual; philosophical; courageous; articulate; convicted","No one can put a limit on either the exercise or the end of human knowledge.; For to be truly educated, one must not only know the things taught but also the truths of the faith.; We do not seek to bring anything our opponents believe into disrepute, but we will defend what we love with courage.","St. Justin Martyr","February 28 (death anniversary)","c. 100-165","St. Justin Martyr was a notable early Christian thinker who used his philosophical background to articulate and defend the Christian faith. He engaged in dialogues with various philosophers and was steadfast in his beliefs, ultimately facing martyrdom for his convictions. His works laid a foundation for Christian apologetics and significantly influenced later theological discourse.","St. Justin is also known for being one of the first to connect Christian thought with Greek philosophy."
"St. Polycarp","February 23","An early Christian bishop and martyr, Polycarp was a direct disciple of St. John the Apostle.","earache sufferers, against dysentery","c. 69-155","Smyrna (Turkey)","Male","faith; courage; endurance; leadership; sacrifice","Eighty-six years have I served Him, and He has done me no wrong. How can I blaspheme my King and Savior?; Stand fast in the faith, and love one another.; I bless You for having judged me worthy of this day and hour.","St. Polycarp","February 23 (Feast of St. Polycarp)","c. 69-155","St. Polycarp served as the Bishop of Smyrna and was renowned for his unwavering faith amidst persecution. At the age of 86, he faced martyrdom with remarkable courage, famously refusing to renounce his faith. His legacy is celebrated by the early Church and remains an inspiration for many believers today.","St. Polycarp was one of the earliest Christian martyrs, and his writings influenced the development of Christian theology."
"St. Cyprian","September 16","St. Cyprian was a notable early Church father and martyr known for his writings on Church unity and leadership.","North Africa, Algeria","c. 210-258","Carthage (Tunisia)","Male","leadership; intellectual; determined; compassionate; resolute","He who does not have the Church as his mother does not have God as his Father.; A man who has not learned to endure does not know how to live.; In times of tribulation, strength is found in the unity of the Church.","St. Cyprian","c. 210; 258","d. 258","St. Cyprian was the Bishop of Carthage and played a crucial role in the early Christian community during a time of persecution. He wrote extensively, emphasizing the importance of unity within the Church and the significance of the bishop's authority. His steadfast faith led to his martyrdom under the persecution of Emperor Valerian.","St. Cyprian's treatise on the Unity of the Church is considered one of the foundational texts for ecclesiology."
"St. Hilary of Poitiers","January 13","A staunch defender of Trinitarianism against Arianism in the Western Church.","against snake bites, backward children","c. 310-367","Poitiers, France","Male","intellectual; courageous; persuasive; devoted; scholarly","He who is afraid of the Lord is not worthy of Him.; The word of God is not bound.; Those who hold the truth of God cannot be deceived.","St. Hilary of Poitiers","c. 310; c. 367","c. 310-367","St. Hilary of Poitiers was a prominent theologian and bishop who ardently defended the doctrine of the Trinity during the Arian controversy. His extensive writings, particularly 'On the Trinity,' have earned him the title 'Doctor of the Church' for their depth and clarity on Christian doctrine. He traveled extensively, confronting heresy and promoting true Christian belief in a challenging era for the faith.","St. Hilary was exiled by the Roman Emperor for his strong opposition to Arianism but continued to advocate for the orthodox faith through his writings and letters."
"St. Norbert","June 6","He founded the Premonstratensian order and devoted his life to reforming others through deep holiness.","Bohemia, expectant mothers, peace, advocates of peace, victims of abuse","c. 1080-1134","Germany","Male","humble; dedicated; visionary; compassionate; disciplined","The greatest tenderness of heart and the most fervent love of God are found in true priests.; Let us abhor to be led by our passions, but rather let us be guided by the Spirit.; In order to merit heaven, you must first love God sincerely and continue to practice humility.","St. Norbert","October 13","c. 1080-1134","St. Norbert was born around 1080 in Xanten, Germany, and experienced a profound conversion after a near-death experience. Committed to reforming the clergy and promoting a communal monastic life, he founded the Premonstratensian order, emphasizing discipline and spiritual integrity. He played a pivotal role in advocating for peace during his lifetime and continued to inspire generations through his dedication to God and the Church.","St. Norbert is said to have once survived a dramatic encounter with a stag, which greatly influenced his understanding of divine intervention."
"St. Bruno","October 6","Founded the Carthusian order, emphasizing a life of solitude and prayer.","Carthusians, possessed people","c. 1030-1101","Cologne, Germany","Male","contemplation; silence; simplicity; prayer; humility","In the silence of the soul, we find God.; True prayer is a spirit of reverence, not merely a recitation of words.; The essence of solitude is to become one with God.","St. Bruno","October 6; January 15","c. 1030-1101","St. Bruno was a profound spiritual figure who established the Carthusian monastic order in the early 11th century. He sought a deeper relationship with God through radical solitude and ascetic practices, advocating for a quiet contemplative life. His legacy endures as a testament to the power of silence and prayer in the pursuit of holiness.","St. Bruno has been claimed to have had a vision of the Holy Trinity, which inspired him to devote his life to the Carthusian ideals."
"St. Romuald","June 19","He founded the Camaldolese order and significantly reformed monastic life in the early medieval period.","Camaldolese monks, contemplatives, hermits","c. 951-1027","Ravenna, Italy","Male","contemplative; disciplined; ascetic; solitary; reformed","In the same way that we care for the Church, so we must care for ourselves.; When you are alone, let your heart be with God.; A monk’s place is to be silent and hidden, like a flower that blooms unseen.","St. Romuald","February 24 (commemoration)","c. 951-1027","St. Romuald was a pivotal figure in monastic reform during the 11th century, known for establishing the Camaldolese order, which emphasized solitude and contemplation. His life was marked by a deep commitment to prayer and the search for a more austere lifestyle, leading him to inspire countless others in their spiritual journey. Throughout his lifetime, Romuald's teachings promoted a return to the core values of monasticism, focusing on discipline and solitude.","St. Romuald's legacy extends beyond his own order, influencing various monastic communities across Europe, including the Benedictines."
"St. Anthony the Great","January 17","Considered the father of monasticism, he dedicated his life to God in the Egyptian desert.","monks, hermits, animals, basket makers","c. 251-356","Egypt","Male","contemplative; disciplined; humble; enduring; resolute","The greatest response to the devil is the Holy Scriptures.; He who possesses God has everything; he who wants the world wants nothing.; The time is coming when men will go mad, and when they see someone who is not mad, they will attack him, saying, 'You are mad; you are not like us.'","St. Anthony the Great","January 30 (Eastern Orthodox)","c. 251-356","St. Anthony the Great, born around 251 in Egypt, is revered as a pioneer of monastic life, having spent years in solitude and prayer in the desert. His profound spiritual experiences and battles against temptation have inspired countless followers seeking a deeper relationship with God. St. Anthony's teachings on humility and the importance of community life in faith continue to resonate in Christian spirituality today.","St. Anthony's life influenced the establishment of monastic communities and the concept of communal living among monks."
"St. John Damascene","December 4","A Doctor of the Church known for his defense of icons and extensive theological writings.","pharmacists, icon painters, theologians","c. 676-749","Damascus, Syria","Male","intellectual; artistic; brave; articulate; devoted","I do not worship matter, I worship the Creator of matter.; Since the Word became flesh, we depict the invisible God in visible form.; The whole earth is a living icon of the face of God.","St. John Damascene","c. 676; c. 749","c. 676-749","St. John Damascene was a prominent theologian and defender of the veneration of icons during the Byzantine era. He served as a monk and priest, producing influential works that shaped Christian thought and practice. His eloquent writings and teachings continue to inspire theologians and artists alike.","St. John Damascene is often referred to as the last of the Church Fathers due to the breadth of his theological contributions."
"St. Ephrem the Syrian","June 9","St. Ephrem was a prominent theologian and hymn writer in the early Church, renowned for his deep spirituality and poetic expression.","spiritual directors, spiritual leaders","c. 306-373","Turkey","Male","poetic; humble; devout; musical; insightful","The soul is like a bird; if it does not ascend to God, it is forever burdened by the cares of the world.; O Holy Spirit, descend plentifully into my heart. Enlighten the dark corners of this neglected dwelling and scatter there Thy cheerful beams.; Let us not be ashamed to speak what we feel, for we are servants of the truth.","St. Ephrem the Syrian","January 28 (Eastern Orthodox)","306-373","St. Ephrem the Syrian, born in Nisibis, was a key figure in the development of Christian hymnody and theology during the 4th century. As a Doctor of the Church, his writings profoundly influenced both Eastern and Western Christian thought. His work, rich in poetic imagery, emphasizes the importance of divine grace and the inner life of faith.","St. Ephrem often wrote hymns in the form of a dialogue, showcasing his innovative approach to religious expression."
"St. Cajetan","August 7","Co-founder of the Theatines, committed to helping the poor and relying on Divine Providence.","job seekers, unemployed workers, good fortune","1480-1547","Vicenza, Italy","Male","charity; service; reform; faith; generosity","He who trusts in Providence will never be disappointed.; The man who relies on God does not needs to worry.; Faith is not this or that; it is a willingness to let go and to let God do His work.","St. Cajetan","","1480-1547","St. Cajetan was a dedicated reformer and one of the founders of the Congregation of Clerics Regular, known as the Theatines. Throughout his life, he focused on serving the less fortunate and restoring moral integrity to the clergy. His unwavering faith in God’s provision inspired many to trust in Divine Providence during difficult times.","St. Cajetan is often depicted holding a purse, symbolizing his patronage of job seekers and financial stability."
"St. Aloysius Gonzaga","June 21","Young Jesuit who renounced wealth and died caring for plague victims.","Youth, students, AIDS patients","1568-1591","Lombardy, Italy","Male","youth; purity; sacrifice; service; discipline","I must die, but I do not fear death, for I am not in sin.; The more we are tempted, the more we should pray.; I see my life like a flower that, though it blossoms, ultimately withers away.","St. Aloysius Gonzaga","March 9 (Baptism), July 21 (Canonization)","1568-1591","Born into a noble family in Lombardy, Italy, St. Aloysius Gonzaga chose a life of poverty and service from a young age. He joined the Jesuits and dedicated his life to the spiritual and physical well-being of others, particularly during the plague outbreak in Rome. His selfless acts ultimately led to his early death at the age of 23, inspiring generations to follow his example of holiness and dedication.","St. Aloysius was an avid reader and had a deep love for music, often considering it a means to connect with God."
"St. Stanislaus Kostka","November 13","A devoted Polish Jesuit novice who journeyed 450 miles to join the Jesuits.","Poland, novices, students","1550-1568","Rostkow, Poland","Male","devout; determined; pure; courageous; youthful","I long to see Jesus, my love and my goal.; In every decision I have made, I have sought to please God.; With a heart full of love, I will follow Mary who leads me to Jesus.","St. Stanislaus Kostka","September 12 (Feast of the Most Holy Name of Mary)","1550-1568","St. Stanislaus Kostka was a young Polish Jesuit novice known for his unwavering faith and determination. After experiencing a profound spiritual calling, he traveled 450 miles to join the Jesuit order, despite facing numerous obstacles. His short life was marked by extraordinary devotion to God and the Virgin Mary, inspiring many to pursue holiness.","St. Stanislaus is said to have levitated during prayer, demonstrating his deep spiritual connection."
"St. John Baptist de la Salle","April 7","He founded the Institute of the Brothers of the Christian Schools and significantly advanced modern education practices.","teachers, educators, school principals, catechists, writers","1651-1719","Reims, France","Male","dedicated; innovative; compassionate; inspiring; visionary","Let us hold ourselves to a high standard; other people are watching us.; We must teach our students in such a way that they learn to love and respect learning.; To teach is to touch a life forever.","St. John Baptist de la Salle","","1651-1719","St. John Baptist de la Salle was a pioneering figure in education and founded the Institute of the Brothers of the Christian Schools to provide quality education to the poor. His innovative teaching methods and commitment to the holistic development of students laid the foundation for modern educational systems. Today, he is remembered not only as a saint but also as a visionary in the field of education.","St. John Baptist de la Salle was the first person to establish schools specifically for boys from the lower class in France."
"St. Vincent Ferrer","April 5","St. Vincent Ferrer was a remarkable Dominican preacher known for his fervent evangelization efforts and miraculous deeds.","builders, fishermen, plumbers","1350-1419","Valencia, Spain","Male","preaching; evangelization; courage; healing; missionary","The devil can do nothing against a man who is living in grace.; He who has the spirit of God is a man full of strength, courage and zeal for God's glory.; Always remember that in every moment of temptation, God stands ready to help you by His grace.","St. Vincent Ferrer","","1350-1419","Born in Valencia, Spain, St. Vincent Ferrer became a powerful preacher who traveled across Europe, spreading the Christian faith during a tumultuous period. He is renowned for his miraculous healings and prophetic visions, inspiring countless followers. His legacy endures as a vital figure in the Dominican Order and the history of the Church.","St. Vincent was known to have performed more than 200 documented miracles during his lifetime."
"St. Bernardine of Siena","May 20","A renowned Franciscan preacher who emphasized devotion to the Holy Name of Jesus.","Advertising, communications, public relations","1380-1444","Italy","Male","compassionate; articulate; inspirational; devout; dynamic","The name of Jesus, my beloved, is the glory of the preachers.; He who wishes to be acquainted with me will find no more noble or important subject than that of Jesus.; One who is unconcerned about his own soul cannot truly care for the souls of others.","St. Bernardine of Siena","","1380-1444","St. Bernardine of Siena was a 15th-century Franciscan friar known for his powerful preaching and dedication to spreading the message of Christ. He played a crucial role in promoting the devotion to the Holy Name of Jesus, and his sermons drew large crowds throughout Italy. His efforts in reforming the Franciscan order and advocating for peace made him a significant figure in the Church during his lifetime.","Bernardine was so gifted in preaching that he could draw thousands to his sermons, even in the rural areas of Italy."
"St. Catherine Labouré","November 28","Receiving visions of the Miraculous Medal from the Blessed Virgin Mary.","Miraculous Medal, senior citizens","1806-1876","France","Female","mystical; humble; devout; obedient; simple","The ball you see represents the whole world, especially France, and each person in particular.; One must see God in everyone.; I saw the Blessed Virgin. She was standing, dressed in white, with a white veil.","St. Catherine Labouré","1806; 1876","1806-1876","Born in France, St. Catherine Labouré dedicated her life to serving God and the poor. In 1830, she received a series of extraordinary visions of the Blessed Virgin Mary, during which she was instructed to have the Miraculous Medal created. Her humility and devotion have inspired countless faithful, and she was canonized in 1947.","St. Catherine's visions included messages that have led to the devotion of millions to the Miraculous Medal, which is now celebrated worldwide."
"St. Geneviève","January 3","Patroness of Paris who led the city in prayer during invasions.","Paris, disasters, fevers, plague","c. 419-512","France","Female","devout; courageous; inspirational; compassionate; resilient","God is with us; we shall prevail.; Our hope rests in the Lord's mighty power.; In every trial, let hope be your guide.","St. Geneviève","January 3; January 26","c. 419-512","St. Geneviève was a devout young woman from Nanterre, France, who dedicated her life to God. She is best remembered for her intercessory prayers that helped protect Paris from barbarian invasions in the 5th century. Despite facing significant opposition, her unwavering faith and leadership inspired many in the community to trust in divine protection during perilous times.","St. Geneviève was known to have a vision of St. Denis, which affirmed her calling to protect Paris."
"St. Isidore the Farmer","May 15","A humble farmer renowned for his piety and generosity towards the needy.","Farmers, laborers, agriculture, Madrid","c. 1070-1130","Madrid, Spain","Male","humble; diligent; generous; devout; simple","Without God, you cannot work; with God, it is impossible to fail.; Labor is a prayer when one’s heart is set on the Lord.; To be able to give is a greater blessing than to receive.","St. Isidore the Farmer","November 10 (alternate), January 14 (local festivities)","c. 1070-1130","St. Isidore the Farmer is revered for his deep faith and connection to the land, embodying the spirit of Christian labor. He is often depicted surrounded by animals, reflecting his kindness and stewardship over creation. His commitment to daily Mass and charity towards the poor made him a beloved figure in his community.","St. Isidore is said to have experienced miraculous interventions, with angels assisting him in his farming work."
"St. Martha","July 29","Sister of Mary and Lazarus, known for her service and hospitality towards Jesus.","cooks, dietitians, homemakers, servants","1st century","Bethany","Female","service; hospitality; dedication; faithfulness; compassion","You should not be troubled, for He is the one who can awaken the dead.; Lord, I believe that You are the one who gives life to all who seek You.; If I serve the Lord with a willing heart, I share in His mission to love and serve others.","St. Martha","","1st century","St. Martha is known for her unwavering faith and commitment to serving Jesus and her family. As the sister of Mary and Lazarus, she welcomed Christ into her home and displayed deep devotion amidst her busy life. Her character exemplifies the value of service and hospitality in the Christian faith.","St. Martha is often depicted with a broom or keys, symbolizing her role as a homemaker and servant."
"St. Philip the Apostle","May 3","One of the Twelve Apostles who was instrumental in bringing others to Jesus.","pastry chefs, hatters","1st century","Galilee","Male","faith; missionary; curious; simple; evangelistic","Lord, show us the Father, and it is enough for us.; Come and see.; We have found Him of whom Moses wrote, Jesus of Nazareth, the son of Joseph.","St. Philip the Apostle","October 28 (Feast of Saints Simon and Jude)","1st century","St. Philip the Apostle is remembered for his role in the early ministry of Jesus Christ and for bringing Nathanael to Him. He actively preached the Gospel in Asia Minor and is recognized for his commitment to evangelization. His direct inquiries to Jesus reveal a sincere seeker of truth and understanding.","St. Philip is believed to have been martyred in Hierapolis, where he was crucified upside down."
"St. Bartholomew","August 24","One of the Twelve Apostles renowned for his faith and missionary work.","tanners, plasterers, bookbinders, leather workers","1st century","Cana, Galilee","Male","faithful; courageous; devout; honest; sacrificial","In Israel, a man like this is truly a son of God!; Do not bring me skin, but the soul.; The law of Moses is fulfilled in Christ.","St. Bartholomew","","1st century","St. Bartholomew, also known as Nathanael, was one of Jesus' closest disciples and is celebrated for his unwavering faith and commitment to spreading the Gospel. According to tradition, he was martyred by being flayed alive, symbolizing his ultimate sacrifice for his beliefs. His steadfast character and dedication to Christ make him a prominent figure in the early Christian church.","St. Bartholomew is often depicted in art carrying his own skin, a reference to his gruesome martyrdom."
"St. Matthias","May 14","Chosen by lot to replace Judas Iscariot as one of the Twelve Apostles.","alcoholics, carpenters, tailors","1st century","Judea","Male","faithful; humble; obedient; persevering; missionary","It is necessary that one become a witness of the resurrection.; Lord, You who know the hearts of all, show us which one You have chosen.; God's will be done in all things.","St. Matthias","February 24 (in some traditions)","1st century","St. Matthias is renowned for his unwavering faith, having been selected as an apostle shortly after the Ascension of Christ. His commitment to spreading the gospel and serving the early Church exemplifies the virtues of obedience and perseverance. Despite his lesser-known status among the apostles, Matthias's role was pivotal in maintaining the integrity of the Twelve.","St. Matthias is the only apostle whose selection is recorded in the Acts of the Apostles rather than the Gospels."
"St. Simon the Apostle","October 28","A dedicated apostle known for his fervent zeal for Christ and missionary work.","curriers, sawyers, tanners","1st century","Cana, Galilee","Male","zealous; courageous; passionate; dedicated; faithful","If I could be the martyr whose blood would make the whole world believe in Jesus, I would welcome it.; Blessed are the peacemakers, for they shall be called the children of God.; My love for Christ drives me to serve others with all my heart.","St. Simon the Zealot","November 28 (Eastern Orthodox)","1st century","St. Simon the Zealot was one of the Twelve Apostles of Jesus, distinguished by his passionate commitment to spreading the gospel. After the Ascension of Christ, he traveled extensively, with missionary efforts reportedly leading him to Persia. His legacy endures as a testament to faith and courage in the face of adversity.","St. Simon is sometimes confused with Simon Peter due to their similar names, but their lives and missions were distinct."
"St. Hedwig","October 16","Duchess of Silesia who dedicated herself to charitable works and the religious life after her husband's death.","Silesia, brides, duchesses, widows","1174-1243","Bavaria, Germany","Female","charity; humility; generosity; prayerful; nurturing","The greatest joy is to serve and love the least among us.; In every act of kindness, we find a piece of God's heart revealed.; Life is an opportunity to give, and in giving, we find our true selves.","St. Hedwig","1174-1243","d. 1243","St. Hedwig was born in Bavaria and became the Duchess of Silesia through her marriage. Following the death of her husband, she devoted her life to charitable acts and the education of her children in faith. Her legacy lives on as an exemplar of humility and service to the impoverished.","St. Hedwig founded several monasteries, including the Cistercian monastery in Trzebnica, which became a significant center for spirituality in her region."
"St. Gertrude the Great","November 16","A revered Benedictine mystic renowned for her profound visions and writings on the love of Christ.","West Indies, souls in Purgatory, mystics","1256-1302","Eisleben, Germany","Female","mystical; contemplative; devout; compassionate; introspective","It is with a full heart that I stand before You, imploring Your mercy, Lord, for the souls that suffer.; O Lord, I am but a drop in the ocean of Your love; let me bear witness to Your grace!; In every moment of love and faith, You renew my heart, transforming my very being.","St. Gertrude the Great","","1256-1302","St. Gertrude the Great was a Benedictine nun in Germany who experienced mystical revelations that deepened her relationship with God. Her profound writings, particularly on the Sacred Heart of Jesus, have inspired countless readers over the centuries. As a prominent figure in medieval spirituality, she is celebrated for her contemplative life and devotion to the souls in Purgatory.","St. Gertrude is often depicted with a mouse, symbolizing her views on the souls in Purgatory and her prayer for their liberation."
"St. Hildegard of Bingen","September 17","A pioneering figure in mysticism and the arts, who contributed to medicine, music, and theology.","Musicians, writers, natural scientists","1098-1179","Bermersheim, Germany","Female","visionary; creative; intellectual; compassionate; charismatic","I am the feather on the breath of God.; All of creation is a message from God.; Running water is a very precious gift.","St. Hildegard of Bingen","September 17 (feast day); December 10 (canonization); May 10 (designation of Doctor of the Church)","1098-1179","St. Hildegard of Bingen was an extraordinary abbess and visionary who founded her own convent. Renowned for her deep spiritual insights and artistic talents, she composed intricate music and wrote several influential texts on natural science and medicine. Her holistic approach combined faith and reason, making her a revered figure in both the religious and scientific communities.","St. Hildegard's visionary experiences were often described as divine revelations, leading her to write a vast body of work that included the first known play in the German language."
"St. Rose of Viterbo","September 4","A courageous young visionary who passionately preached for the faith and stood up against Emperor Frederick II.","Florists, exiles, rejected by religious orders","1233-1251","Italy","Female","courageous; passionate; devout; inspirational; determined","I am the servant of the Lord, may it be done to me according to Your word.; Let us trust in God and preach the truth with courage.; In Christ, I find my strength and my joy.","St. Rose of Viterbo","d. 1251","1233-1251","St. Rose of Viterbo was a remarkable young woman known for her fervent preaching and commitment to the Christian faith. Born in Viterbo, Italy, she boldly challenged the political and religious authorities of her time. Her unwavering courage and deep devotion to Christ inspired many in her community, leaving a lasting legacy as a champion of faith.","St. Rose was only 18 years old when she began her public ministry, captivating audiences with her powerful message."
"St. Colette","March 6","Reformed the Poor Clares and established numerous convents across Europe.","expectant mothers, sick children, women seeking to conceive","1381-1447","France","Female","reform; contemplation; leadership; humility; perseverance","Faith is the great foundation of all virtues and the mother of hope.; True love does not distance itself from the suffering of the world; it engages with it.; In a world full of noise, embrace the silence that leads to divine intimacy.","St. Colette","May 1; October 13","1381-1447","St. Colette was a visionary mystic born in Corbie, France, who dedicated her life to the reform of the Poor Clares. Despite personal challenges and the skepticism of her peers, she successfully founded seventeen convents, revitalizing the order's commitment to contemplation and prayer. Her legacy lives on through the lives of those she inspired and the communities she established, which continue to thrive in devotion today.","St. Colette reportedly had the ability to levitate during her prayers, inspiring awe among her followers."
"St. Hubert","November 3","He is known for his dramatic conversion while hunting, inspired by a vision of a crucifix between a stag's antlers.","hunters, dogs, forest workers, metalworkers, archers","c. 656-727","Belgium","Male","spiritual; considerate; resolute; thoughtful; inspirational","O God, who didst call the blessed Hubert from the chase of the stag to become a shepherd of souls, grant that we may imitate his example.; It is not the hunt that defines the hunter, but the heart that seeks God in the wild.; Let us find God in all of creation, for He reveals Himself through the beauty of nature.","St. Hubert of Belgium","March 20 (some local traditions)","c. 656-727","St. Hubert was a nobleman from Toulouse who experienced a profound conversion to Christianity during a hunting expedition. Following his transformation, he became a bishop and devoted his life to preaching and serving the community. His legacy as the patron saint of hunters and wildlife reflects his deep connection to nature and the divine.","St. Hubert is often depicted with a stag, which symbolizes his miraculous encounter and conversion experience."
"St. Fiacre","September 1","An Irish hermit revered for his miraculous garden and extraordinary healing abilities.","Gardeners, taxi drivers, florists","c. 600-670","Ireland/France","Male","devout; persevering; visionary; nurturing; peaceful","The earth is a glorious testament to God's creativity and bounty.; In solitude, I find the company of the divine.; Let my garden be a reflection of Heaven's beauty.","St. Fiacre","February 18 (Other commemorations)","c. 600-670","St. Fiacre was an Irish monk who settled in France, where he cultivated a legendary garden that was said to possess miraculous healing powers. His life as a hermit reflected his deep devotion to God and nature, often intertwining the act of gardening with spirituality. Fiacre’s legacy thrives today as he continues to inspire those who work the land and care for its bounties.","St. Fiacre's name has become synonymous with the term 'taxi' in some French-speaking countries, as the original taxi drivers used to be called 'fiacres' after him due to their role in transporting people to gardens."
"St. Lydwina of Schiedam","April 14","She is known for enduring a life of severe suffering after a skating accident, which she offered for the conversion of sinners.","chronic illness, ice skaters, the disabled","1380-1433","Schiedam, Netherlands","Female","sacrifice; endurance; mysticism; patience; intercession","I suffer not for myself but for the love of God and the salvation of souls.; My wounds are a gift that draw me closer to the heart of Christ.; In my pain, I find my purpose: to be a vessel of God’s love and mercy.","St. Lydwina of Schiedam","","1380-1433","St. Lydwina of Schiedam was a Dutch mystic who, after a tragic accident at the age of 15, endured a lifetime of suffering while offering her pain for the salvation of others. Despite her afflictions, she became a source of inspiration and intercession for those who are ill. Her deep spirituality and devotion to Christ exemplified the power of suffering in the pursuit of holiness.","St. Lydwina is often considered one of the earliest patrons of ice skaters due to her connection to the sport through her accident."
"St. Elizabeth of Portugal","July 4","Known for her remarkable efforts in brokering peace among warring factions and her deep commitment to charitable works.","peace, brides, queens, charitable societies","1271-1336","Portugal","Female","peaceful; charitable; diplomatic; generous; compassionate","I would rather die than offend God.; True peace is not merely the absence of conflict but the presence of justice and charity.; In the name of God, let us speak of peace, and strive to bring it to all.","St. Elizabeth of Portugal","July 5","1271-1336","St. Elizabeth of Portugal was a queen renowned for her peacebuilding efforts during a time of family conflicts and war. She dedicated her life to helping the needy and was known to perform miracles, including healing the sick. Her legacy of charity and diplomacy continues to inspire people to seek peace in their own lives.","St. Elizabeth was said to have had a special bond with her husband, King Dinis, which was so strong that it inspired many stories of their legendary devotion to each other."
"St. Bénézet","April 14","A shepherd boy guided by divine vision to construct the iconic bridge of Avignon.","bridge builders, engineers, shepherds","c. 1163-1184","France","Male","faithful; humble; obedient; innovative; youthful","In faith, I have built what seemed impossible.; The Lord entrusted me with this task, and I will not falter.; With divine encouragement, even the smallest can achieve the greatest dreams.","St. Bénézet","d. 1184","c. 1163-1184","St. Bénézet, a humble shepherd from Hermillon, France, received a divine mandate to build a bridge over the Rhône River at Avignon. Despite his young age and lack of resources, he inspired others to join him in this monumental task. Today, the Saint's legacy lives on through the enduring structure that symbolizes faith and determination.","The bridge that St. Bénézet built, known as the Pont Saint-Bénézet, was famously featured in the children's song 'Sur le pont d'Avignon.'"
"St. Mary, Mother of God","January 1","Being the mother of Jesus Christ and a central figure in Christianity.","mothers, the unborn, and all Christian families","","Israel","Female","compassionate; nurturing; humble; devout; wise","My soul proclaims the greatness of the Lord; my spirit rejoices in God my Savior.; Do whatever he tells you.; Blessed are you among women, and blessed is the fruit of your womb.","","","d. c. 100","St. Mary is revered as the mother of Jesus Christ, embodying grace and faith. Her acceptance of God’s will makes her a profound example for all Christians, highlighting the importance of trust in divine purpose. She holds a unique position within the Catholic Church, venerated not only for her maternal role but also for her unwavering devotion to God.","St. Mary is the only woman mentioned in the Bible who has been given the title 'Mother of God' (Theotokos)."
"St. Raymond of Peñafort","January 7","He is known for his significant contributions to canon law and the establishment of the Order of Preachers.","lawyers, canonists, solicitors","","Spain","Male","wise; dedicated; educational; compassionate; humble","The greatest among you will be your servant.; Whoever humbles himself like this child is the greatest in the kingdom of heaven.; Go, therefore, and make disciples of all nations.","","","1175-1275","St. Raymond of Peñafort was a renowned Spanish priest and Dominican friar who dedicated his life to the service of the Church. He is celebrated for compiling many of the Church's laws and for promoting the Sacrament of Confession. Revered for his wisdom and commitment to education, he also played a vital role in the Christianization of the Moors in Spain.","St. Raymond is credited with creating a comprehensive manual on the Confession, which became widely used in the Church."
"St. Adrian of Canterbury","January 9","He was an influential scholar and abbot who helped establish monastic schools in England.","students, teachers, education","","North Africa","Male","wise; patient; dedicated; thoughtful; inspiring","Education is the foundation upon which we build our future.; The more we learn, the more we realize the depth of God's wisdom.; In teaching, we not only impart knowledge but also sow the seeds of faith.","","","d. 710","St. Adrian of Canterbury was a Benedictine monk who became the abbot of the monastery at Canterbury. He played a pivotal role in fostering education and theological study in 7th-century England. His efforts helped to enhance the intellectual and spiritual vitality of the Church at that time.","St. Adrian is often credited with introducing the Greek language as part of the curriculum in English monastic schools."
"St. William of Bourges","January 10","He is known for his contributions to the church as the Archbishop of Bourges and for his commitment to church reform.","Bourges, France, architects","","France","Male","compassionate; dedicated; humble; wise; charitable","The greatest gift one can give is the gift of love.; Faith is the light that guides us through darkness.; In serving others, we find our true purpose.","","","d. 1209","St. William of Bourges served as Archbishop in the early 13th century, where he worked tirelessly to reform the clerical state and improve church practices. He was deeply dedicated to the poor, providing them with aid and support during his tenure. His legacy is remembered for the influence he had on both the church and society in France.","St. William was known for his miraculous ability to heal the sick through prayer."
"St. Hyginus","January 11","St. Hyginus is known for being the Pope who led the early Church during a time of persecution and organizational development.","popes, Rome","","Greece","Male","compassionate; resilient; dedicated; wise; humble","The greatest gift is the freedom of choice.; Faith is the light that guides us through darkness.; Love is the bond that unites us with God.","","","d. 142","St. Hyginus served as the Pope for a brief period during the early 2nd century, succeeding St. Anacletus. He is remembered for his efforts to strengthen the Church's structure amid the challenges of the time. His leadership contributed to the establishment of key doctrines and the orderly administration of the growing Christian community.","St. Hyginus is believed to have been martyred, though details of his death are not well-documented."
"St. Paul the Simple","January 14","A hermit known for his deep spirituality and simple life of faith.","hermits, simplicity","","Egypt","Male","humble; spiritual; peaceful; wise; gentle","The greatest action is not to act.; In silence, the soul finds its true voice.; Simplicity opens the door to grace.","","","d. 343","St. Paul the Simple was a hermit who embraced a life of solitude and prayer in the Egyptian desert. Renowned for his innocence and genuine faith, he became a model of simplicity in a world often filled with complexity. His life served as an inspiration to many, showcasing the profound richness found in a humble existence devoted to God.","Despite his simplicity, St. Paul had a remarkable ability to discern the hearts of those who visited him."
"St. Maurus","January 15","Maurus was a Benedictine monk and is known for being the first disciple of St. Benedict.","monks, nuns, convicts, people in prison","","Italy","Male","devout; humble; compassionate; resilient; dedicated","It is better to make mistakes in kindness than to work miracles in unkindness.; The strong man is he who is able to control himself when he is angry.; We must not allow ourselves to be drawn away from the path of holiness.","","","d. 584","St. Maurus was born in Italy and became a follower of St. Benedict at the famous monastery of Monte Cassino. He is noted for his role in shaping monastic life and traditions in early Christianity. His commitment to the Benedictine Rule exemplified the values of prayer, work, and community.","St. Maurus is said to have walked on water to save a drowning novice monk, showcasing the miraculous gifts attributed to him."
"St. Marcellus I","January 16","He was the Pope who served during a time of intense persecution of Christians in the early Church.","sick people, families of the sick","","Rome, Italy","Male","compassionate; courageous; diligent; wise; devout","To speak to God is not to speak; to love Him is to be silent.; The blood of the martyrs is the seed of the Church.; Faith is to believe what we do not see; the reward of this faith is to see what we believe.","","","d. 309","St. Marcellus I was elected Pope in 308 AD and worked tirelessly to maintain the unity of the Church amid growing threats. He faced significant challenges from both outside and within the Christian community due to the ongoing persecutions under Emperor Maxentius. His commitment to the faith and the welfare of the Christian community has left a lasting legacy in the Church.","St. Marcellus I is often depicted with a cross and a papal tiara in art, symbolizing his role as the shepherd of the Christian flock."
"St. Charles of Mount Argus","January 18","St. Charles of Mount Argus is known for his compassionate care of the sick and his deep devotion to prayer.","sick, incurable diseases, parish priests","","Netherlands","Male","compassionate; dedicated; gentle; humble; inspiring","Prayer is the key to heaven.; In your service, I find my happiness.; Love is the greatest gift we can give to one another.","","","d. 1893","Born in the Netherlands, St. Charles worked tirelessly in his priestly ministry, especially in the care of the sick. He was known for his kindness and his ability to comfort those suffering from various ailments. His life exemplified a profound commitment to God and to serving others through love and hope.","St. Charles was canonized in 2007, highlighting his impact in his local community and beyond."
"St. Canute","January 19","He was King of Denmark who became a martyr for his faith.","Denmark, Kings, and Hospitallers","","Denmark","Male","devout; courageous; determined; noble; compassionate","Faith conquers all.; In the name of Christ, I seek righteousness.; A true king serves his people through God's will.","","","d. 1086","St. Canute was the King of Denmark in the early 11th century, known for his devout Christian faith. He worked to strengthen the church in Denmark and was eventually martyred as he sought to impose reforms and unify the Christian faith. His dedication to his beliefs made him an enduring figure of veneration in both Denmark and the wider Christian world.","St. Canute's remains are kept in the cathedral of Odense, which is a major pilgrimage site in Denmark."
"St. Vincent","January 22","He is known for his courageous stand for the faith during the persecution of Christians.","vineyards, wine growers, Portugal, and canon lawyers","","Spain","Male","brave; compassionate; determined; faithful; inspiring","Always be prepared to speak for God's truth.; Faith is the root of all virtues.; Martyrdom is the greatest form of love.","","","d. 304","St. Vincent was one of the early Christian martyrs, known for his unwavering faith in the face of severe torture and persecution. He served as a deacon in the early Church and became a symbol of strength and endurance for Christians throughout the centuries. His martyrdom inspired many to remain steadfast in their beliefs, and he continues to be celebrated as a heroic figure in Christianity.","St. Vincent's relics are said to be enshrined in the Cathedral of Lisbon, which makes him a prominent figure in Portuguese devotion."
"St. Paul the Apostle","January 25","One of the most important figures in early Christianity and author of several New Testament letters.","missionaries, evangelists, writers","","Tarsus, Cilicia (modern-day Turkey)","Male","determined; charismatic; insightful; adventurous; passionate","For I am convinced that neither death nor life, neither angels nor demons, neither the present nor the future, nor any powers.; I can do all this through him who gives me strength.; Love is patient, love is kind. It does not envy, it does not boast, it is not proud.","","","c. 5 – c. 67","St. Paul, originally known as Saul of Tarsus, experienced a dramatic conversion to Christianity on the road to Damascus. He dedicated his life to spreading the Gospel, establishing churches, and mentoring early Christians. His epistles remain foundational texts for Christian theology and practice.","St. Paul is considered one of the most prolific writers of the New Testament, with 13 letters attributed to him, although some are debated."
"St. Gildas","January 29","An influential monk and scholar in early medieval Britain, known for his writings and teachings.","writers, historians","","Britain","Male","wise; dedicated; thoughtful; inspired; prophetic","The time for choosing between evil and a good conscience is at hand.; A man is not judged by the wavering of his heart, but by the constancy of his actions.; Let us rise above the failings of our own time and strive for holiness.","","","d. 570","St. Gildas was a British monk from the 6th century whose works offer significant insight into the history and spirituality of his time. He is best known for his book 'De Excidio et Conquestu Britanniae', which reflects on the moral decline of society and the need for reform. His contributions to theology and history have made him a vital figure in early Christian literature.","St. Gildas is often referred to as the first historian of Britain due to his detailed accounts of the socio-political landscape of his era."
"St. Agenoria","January 30","St. Agenoria is known for her steadfast faith and martyrdom during the persecution of Christians.","martyrs, the persecuted","","Italy","Female","courageous; devout; resilient; compassionate; fervent","Faith is to believe what we do not see; the reward of this faith is to see what we believe.; The blood of martyrs is the seed of the Church.; Courage is not the absence of fear, but the triumph over it.","","","d. 303","St. Agenoria was a young Christian woman who displayed remarkable courage in the face of persecution. She stood firm in her beliefs and ultimately faced martyrdom for her unwavering faith. Her legacy continues to inspire many to remain steadfast in their convictions.","St. Agenoria is often invoked by those facing challenges in remaining true to their beliefs."
"St. Andrew Corsini","February 4","Known for his work as a bishop and promoting reforms within the Church.","against floods, orphans, and reconciliations","","Italy","Male","compassionate; dedicated; humble; wise; reverent","We must love our neighbor as ourselves.; In trial and adversity, we should never lose heart.; True love of God brings us serenity in difficulties.","","","1302-1374","St. Andrew Corsini, born into a noble family, chose a life of service to God and became a Carmelite friar. He was later appointed as Bishop of Fiesole, where he devoted himself to the pastoral care of his diocese and the spiritual welfare of its residents. His dedicated approach to reforming ecclesiastical practices and fostering deep spiritual renewal among the clergy and laity established a lasting legacy.","Despite coming from a wealthy background, he lived a life of austerity, often giving away his possessions to help the needy."
"St. Richard of Chichester","February 7","Richard was known for his strong leadership as Bishop of Chichester and his dedication to pastoral care.","diocesan clergy, England","","England","Male","compassionate; dedicated; humble; intelligent; resilient","Lord, I am willing to do whatever you wish.; I pray that I may be generous, willing to suffer and to be trodden upon.; O Lord, may I see you more clearly, love you more dearly, and follow you more nearly.","","","1197-1253","St. Richard of Chichester was born into a noble family and later became a scholar at the University of Oxford. He was elected Bishop of Chichester and worked tirelessly to reform the church, emphasizing pastoral care for the faithful. His life was marked by a deep commitment to God, and he is remembered for his compassion and integrity.","St. Richard is often depicted holding a model of his cathedral, emphasizing his connection to his diocese."
"St. Our Lady of Lourdes","February 11","The apparitions of the Virgin Mary to St. Bernadette in Lourdes, France.","the sick, the physically challenged","","France","Female","compassionate; devout; miraculous; nurturing; protective","I cannot promise you happiness in this life, but I can promise you happiness in the next.; Go to the spring and drink from it.; I am the Immaculate Conception.","","","d. 1858","St. Our Lady of Lourdes appeared to a young girl named Bernadette Soubirous in a grotto near Lourdes, France, in 1858. During these apparitions, she identified herself as the Immaculate Conception and conveyed messages of prayer and penance. Lourdes has since become a major pilgrimage site known for miraculous healings and a place of devotion.","The spring discovered at Lourdes is believed by many to have healing properties, leading to countless miraculous recoveries."
"St. Édouard","February 12","St. Édouard is known for his piety and dedication to his duties as the King of England.","peace, kings, difficult situations","","England","Male","devout; just; compassionate; wise; humble","The only thing I can do is pray for you.; In the face of every trial, we must trust in God's plan.; We ought to be as mindful of our actions as the morning dew is of the sunlight.","","","d. 1046","St. Édouard, also known as King Edward the Confessor, was a beloved ruler of England renowned for his commitment to justice and his compassionate governance. His reign was marked by a deep devotion to God, and he played a significant role in promoting the Christian faith throughout his kingdom. After his death, he was canonized due to the miraculous healings and favors attributed to him.","St. Édouard is associated with the construction of Westminster Abbey, a site that remains a prominent place of worship in England."
"St. Catherine de Ricci","February 13","A mystic and Dominican nun known for her intense spiritual life and devotion.","sick people, ecologists, against temptations","","Italy","Female","compassionate; devout; humble; visionary; resilient","We must never forget that we are in the world, but not of the world.; Patience is a virtue that all must practice.; For love of God, we should fear nothing.","","","1522-1590","St. Catherine de Ricci was an Italian nun celebrated for her profound spiritual experiences and commitment to the Dominican order. She spent much of her life in a convent in Florence, where her visions and dedication to prayer inspired many around her. St. Catherine's life exemplifies deep faith and the importance of community in spiritual growth.","St. Catherine experienced a mystical union with Christ that she described in detail, which attracted both devotion and admiration throughout Italy."
"St. Febronia","February 16","She is venerated as a virgin martyr in the Christian tradition.","martyrs, young women","","Sicily, Italy","Female","courageous; faithful; devout; inspiring; compassionate","The glory of God is man fully alive.; Where there is love, there is life.; Do not be afraid to be holy.","","","d. 304","St. Febronia was a Christian virgin and martyr who lived during the reign of Emperor Diocletian. She endured severe torture and persecution for her faith before ultimately giving her life for Christ. Her story inspires many young women to stand firm in their beliefs amidst trials.","St. Febronia is known for having endured various tortures that ultimately led to her martyrdom, becoming a symbol of strength and purity."
"St. Alexis of Rome","February 17","He is known for his humble life and deep devotion to God, often considered a patron of the poor.","orphans, the homeless, the sick, social workers","","Italy","Male","humble; selfless; devout; compassionate; resilient","The greatest grace is to be humble.; Real wealth comes not from possessions, but from the love we share.; In serving others, we find our true purpose.","","","d. 410","St. Alexis was born into a wealthy Roman family, but he chose a life of poverty and devotion, secretly helping the marginalized. After leaving his family, he returned incognito, living in the shadows to serve those in need. His piety and commitment inspired many, and he is venerated as a model of selfless love.","Despite his noble birth, St. Alexis lived for years as a beggar, completely unbeknownst to his own family."
"St. Simeon","February 18","He is known for being the first Christian martyr in Jerusalem.","martyrs, converts, catechumens","","Jerusalem","Male","brave; compassionate; devout; wise; inspiring","Faith is the light that shines in the dark.; Courage is not the absence of fear, but the triumph over it.; To be a Christian means to be a learner, always growing and seeking.","","","d. 107","St. Simeon was an early Christian leader who played a pivotal role in the spread of the faith during the first century. He is often remembered for his unwavering commitment to Christ, culminating in his martyrdom for his beliefs. His legacy continues to inspire Christians to stand firm in their faith despite challenges.","St. Simeon was reportedly a relative of Jesus, being one of the first followers to recognize His divinity."
"St. Conrad of Piacenza","February 19","Known for his deep spirituality and commitment to asceticism.","sick animals, the poor","","Italy","Male","compassionate; humble; ascetic; wise; gentle","Prayer is an act of love.; In solitude, I find the richness of my spirit.; True peace is found in a heart fully surrendered to God.","","","d. 1350","St. Conrad of Piacenza was a hermit who lived a life of penance and devotion to prayer. After a life-changing experience with a vision, he dedicated himself to caring for the poor and healing sick animals. His profound commitment to a life of solitude and prayer led many to seek his counsel and support throughout his lifetime.","Despite his ascetic lifestyle, he was known for his gentle kindness towards animals and people alike."
"St. Peter Damian","February 21","He was a prominent reformer of the Church and an advocate for clerical celibacy.","incontinence, universities, and various communities of monks","","Italy","Male","devout; intellectual; pious; compassionate; determined","Be who you are and be that well.; The soul that is united to God is nourished by divine love.; The love of God is a consuming fire.","","","1007-1072","St. Peter Damian was a Benedictine monk and a cardinal who played a critical role in the reform of the clergy during the 11th century. He was known for his intense spirituality and his dedication to God, earning him the title of Doctor of the Church. His writings emphasized the importance of purity and the need for reform within the Church, making him an influential figure in his time.","Despite his noble birth, Peter chose a life of poverty and simplicity, dedicating himself to monastic life and spiritual growth."
"St. Oswald","February 24","Oswald is recognized for his martyrdom and dedication to the faith.","England, soldiers, and the ill.","","England","Male","devout; just; courageous; noble; compassionate","As long as I live, I will continue to speak of God's love.; True leadership involves service, not domination.; In the face of adversity, faith must guide our actions.","","","d. 303","St. Oswald was a king of Northumbria who played a crucial role in the spread of Christianity in his region. He was known for his deep faith and his commitment to fostering peace and justice. After his martyrdom, he became a venerated saint, influencing many through his exemplary life and sacrifice.","His efforts in promoting Christianity made him a pivotal figure in the Christianization of England."
"St. Cesario","February 25","St. Cesario is known for his martyrdom during the Diocletian persecution.","seafarers, merchant sailors","","Ancient Rome","Male","brave; devout; compassionate; steadfast; inspiring","Martyrdom is the witness of the faith, a true testament to the love of Christ.; A strong anchor in faith holds us steady amidst life's storms.; In suffering, we find the true strength of our convictions.","","","d. 295","St. Cesario was a Christian martyr who lived during the early centuries of the Church. He faced persecution for his faith under the Roman Emperor Diocletian and ultimately gave his life in witness to his beliefs. His dedication continues to inspire many who face adversity for their faith.","St. Cesario is also venerated in certain regions as a protector of sailors and sea travelers."
"St. Alexander of Jerusalem","February 26","He is known for his role as a bishop who defended the faith during the early Church's struggles with heresies.","theologians, bishops, catechists","","Jerusalem","Male","wise; compassionate; dedicated; faithful; influential","The soul is the seed of faith.; True wisdom is found in the embrace of God's love.; With every challenge to our faith, we are granted an opportunity to grow stronger in our belief.","","","d. 251","St. Alexander of Jerusalem served as a prominent bishop during the third century and was an influential leader in the early Christian community. He was recognized for his theological contributions and his efforts to guide believers through various heretical teachings. His commitment to the faith and pastoral care left a lasting impact on the Church.","St. Alexander was known to have been present at the trial of Origen, one of the most significant theologians of early Christianity."
"St. Gabriel of Our Lady of Sorrows","February 27","He is known for his deep devotion to the passion of Christ and the sorrows of Mary.","clergy, students, youth, religious vocations","","Italy","Male","devout; compassionate; gentle; determined; inspirational","The more you suffer, the more you will love.; To suffer with Christ is a great privilege.; True love is expressed through suffering.","","","d. 1862","St. Gabriel of Our Lady of Sorrows was a Passionist cleric known for his fervent spirituality and dedication to prayer. He entered the religious life at a young age and became a model of virtue among his peers. His legacy of promoting devotion to the suffering of Christ and His Blessed Mother inspires many Catholics today.","St. Gabriel was renowned for his gentle spirit and was often referred to as 'the Angel of the Passion'."
"St. Agnes of Bohemia","March 2","She is known for her deep devotion to Christ and for her role as a nun and abbess.","Bohemia, the sick, the poor","","Bohemia","Female","devout; compassionate; selfless; determined; humble","The world is full of the glory of God.; True love is a love that serves.; To be loved by God is the greatest gift.","","","d. 1282","St. Agnes of Bohemia, a member of the royal family, chose a life of poverty and service to God over worldly power. After founding a convent in Prague, she became its first abbess and dedicated her life to charitable works. Her unwavering faith and commitment to the religious life inspired many during her time and continue to do so today.","St. Agnes was once betrothed to a king but chose instead to follow her calling to religious life."
"St. Kate of Siena","March 5","A mystic and theologian known for her writings and influence on the Catholic Church during the Western Schism.","Italy, STD (the Church's female theologians), people ridiculed for their piety","","Italy","Female","determined; compassionate; intellectual; mystical; charismatic","Be who you are and be that well.; Nothing great is ever achieved without much enduring.; In His Will is our peace.","","","1347-1380","St. Kate of Siena was a prominent figure in the 14th-century Church who played a crucial role in advising popes and reforming the Church. Her intense mystical visions and writings, particularly 'The Dialogue', are still studied for their rich spiritual insights. A lay member of the Dominican Order, she devoted her life to serving the poor and advocating for peace during tumultuous times in Italy.","St. Kate was known to have received the stigmata, the wounds of Christ, in a private vision."
"St. Frances of Rome","March 9","Founding the Oblates of Mary and serving the poor in Rome.","unlikely marriages, widows, and families","","Italy","Female","devout; compassionate; mystical; determined; servant-hearted","The things of this world are not worth a single tear shed for love of God.; In the midst of all my troubles I trust in Your divine providence.; It is not the greatness of our actions, but the love with which we do them that matters.","","","1384-1440","St. Frances of Rome was a devout woman who dedicated her life to helping the needy in the streets of Rome. Despite personal trials, including the loss of her husband, she remained steadfast in her faith and service. She founded a religious community and was known for her mystical visions and deep spirituality.","St. Frances of Rome was also known for her love of animals and for having a deep bond with her pet donkey."
"St. John Ogilvie","March 10","A Scottish Jesuit martyr known for his courage in the face of persecution.","Scotland, Jesuits","","Scotland","Male","brave; devout; compassionate; determined; inspiring","I die for God and the Catholic Church.; God has given me strength; I do not fear any man.; Faithful service is my greatest joy.","","","1579-1615","St. John Ogilvie was a Jesuit priest who returned to Scotland during a time of severe anti-Catholic sentiment. He dedicated his life to the pastoral care of the faithful, enduring imprisonment and torture for his beliefs. Ultimately, he was hanged in 1615, becoming a symbol of steadfast faith and commitment to the Gospel.","St. John Ogilvie is the only post-Reformation Scot to be canonized as a saint."
"St. Eulogius of Toledo","March 11","He is known for his commitment to the faith during the period of Muslim rule in Spain.","Toledo, Spain","","Spain","Male","devout; courageous; intellectual; compassionate; inspiring","The more one serves God, the more one learns to love Him.; Martyrdom is the ultimate demonstration of faith.; To die for Christ is to live eternally with Him.","","","d. 859","St. Eulogius was a cleric and theologian who played a pivotal role in the defense of Christianity in 9th-century Spain. He was arrested for his outspoken faith and ultimately martyred for refusing to renounce his beliefs. His writings and his ultimate sacrifice inspired many Christians during a turbulent time in the history of the Church in Spain.","St. Eulogius is often regarded as one of the earliest theologians to write about the implications of martyrdom."
"St. Euphrasia","March 13","Known for her deep piety and commitment to monastic life.","nuns, widows","","Eastern Roman Empire","Female","devout; humble; compassionate; wise; resilient","He who wishes for anything but Christ does not know what he wishes for.; It is not the position that humbles us, but the spirit we carry within us.; In every trial, God gives us the grace we need.","","","d. 410","St. Euphrasia was a noted abbess in the early Christian church, recognized for her extraordinary devotion and leadership among her fellow sisters. She led her community with grace and humility, guiding them in a life of prayer and service. Her legacy continues to inspire many in their spiritual journeys.","St. Euphrasia is often depicted in art with a lily, symbolizing purity and chastity."
"St. Matilda","March 14","Matilda was known for her piety and her role in promoting the welfare of her family and the church.","parents, widows","","Germany","Female","compassionate; noble; devout; resilient; dedicated","Let us trust in God and not grow weary.; The faithful love and loyalty of a mother surpasses all.; In the face of adversity, remain steadfast in faith.","","","d. 968","St. Matilda was a noblewoman who became the queen consort of Henry I of Germany. She devoted her life to acts of charity and was instrumental in the founding of monasteries. Her legacy endures through her steadfast commitment to faith and community service.","St. Matilda was known for her deep compassion, helping the poor and caring for the sick in her community."
"St. Abraham","March 16","He is known for his piety and the miracles attributed to him during his lifetime.","new converts, monks","","Syria","Male","devout; compassionate; ascetic; inspirational; humble","Faith is the light that guides us through the darkness.; The truest form of love is found in selflessness.; In the silence of prayer, we find the voice of the Almighty.","","","d. 586","St. Abraham was a monastic leader who dedicated his life to the service of God and the nurturing of his fellow believers. He was renowned for his ascetic lifestyle and the miraculous healings he performed. His legacy continues to inspire those seeking a deeper spiritual life and commitment to faith.","St. Abraham was known to have had a close friendship with other saints of his time, fostering a network of support and mutual encouragement among early Christians."
"St. Cyril of Jerusalem","March 18","St. Cyril is known for his contributions to Christian catechesis and for his role in the development of the Nicene Creed.","Catechists, theologians, the educational system","","Jerusalem","Male","wise; dedicated; articulate; passionate; compassionate","Be attentive to your conscience, God speaks to man’s heart.; The feet of the body are no more like the feet of the soul than material things are like spiritual.; The first grace, then, is the knowledge of the Holy Spirit.","","","c. 315-387","Born in Jerusalem around 315, St. Cyril became the bishop of the city and was a prominent figure during the Arian controversy. He is best known for his thorough teachings on the sacraments and the catechism, which helped to shape the Christian faith. His commitment to the truth of the Gospel and the teachings of the Church earned him respect and honor among his peers.","St. Cyril is notably recognized for his lengthy catechetical lectures, which are still referenced in catechetical teaching today."
"St. Cuthbert","March 20","He was known for his piety and dedication to monastic life.","northumbria, shepherds, travelers, and the diocese of lindisfarne","","Northumbria","Male","devout; compassionate; humble; dedicated; inspiring","The Lord is my shepherd; there is nothing I lack.; Let us be filled with the gifts of the Holy Spirit.; Pray as if everything depended on God; work as if everything depended on you.","","","634-687","St. Cuthbert was a 7th-century monk and bishop known for his faith and miracles. He began his spiritual journey as a shepherd and later joined the monastic community at Melrose. Cuthbert's life was marked by dedication to prayer, and he became a prominent figure in the spread of Christianity in northern England.","One of the most famous legends about St. Cuthbert is that after his death, his shrine became a pilgrimage site where many miracles were reported."
"St. Enda","March 21","Founder of the monastic school of Aran Islands in Ireland.","Ireland, monks, sailors","","Ireland","Male","nurturing; wise; dedicated; humble; inspirational","The heart of a man can be his own worst prison.; True strength lies in gentleness.; Prayer is the foundation that sustains every good work.","","","d. 530","St. Enda is revered as the founder of monasticism in the Aran Islands, known for his deep spirituality and dedication to God. His influence helped establish a strong Christian presence in Ireland, fostering education and religious life throughout the region. Enda's legacy endures, inspiring countless followers through his teachings and steadfast commitment to faith.","St. Enda is said to have trained several saints, including St. Aidan and St. Nathy."
"St. Nicholas Owen","March 22","Nicholas Owen was a Jesuit priest and martyr known for his role in the English Catholic underground.","prisoners, those unjustly accused","","England","Male","brave; devout; resourceful; compassionate; loyal","The dignity of man is a divine quality.; To suffer for Christ is to share in His glory.; Love is to be shared freely, as Christ shared His love with us.","","","d. 1606","St. Nicholas Owen was a devoted layman and carpenter who worked tirelessly to support the work of the Jesuit missionaries in England. His remarkable skill in building hiding places for priests led to his eventual arrest and torture. Ultimately, he gave his life for the faith, becoming a symbol of courage and loyalty in the face of persecution.","St. Nicholas Owen was the first layperson to be sentenced to death for harboring priests in England."
"St. Emma","March 26","Known for her piety and charitable acts toward the needy.","the sick, orphans","","Germany","Female","compassionate; selfless; devout; noble; caring","Love and kindness are never wasted.; In the service of others, we find our true self.; Faith is taking the first step even when you don't see the whole staircase.","","","d. 1036","St. Emma was a noblewoman in the Holy Roman Empire, deeply beloved for her selfless devotion to helping the poor and sick. After her husband's death, she dedicated her life to Christ, often giving away her wealth to alleviate the suffering of those around her. Her unwavering faith and remarkable acts of kindness earned her the title of saint and continue to inspire acts of charity today.","St. Emma is sometimes invoked in prayers for miraculous healings due to her reputed intercessions."
"St. Rupert of Salzburg","March 27","He is known for founding the Diocese of Salzburg and spreading Christianity in the region.","Salt miners, Salzburg, Austria","","Austria","Male","dedicated; wise; charismatic; compassionate; resilient","Christ is our peace, and in Him we are saved.; The true disciple of God walks in the light, and his path shines ever brighter.; If you wish to be perfect, go, sell your possessions and give to the poor.","","","665-718","St. Rupert, the first bishop of Salzburg, is celebrated for his missionary work in the 8th century. He founded the Abbey of St. Peter in Salzburg, which became a center of learning and culture. His influence helped to establish Christianity in the Alpine region, making him a key figure in the spread of the faith in Central Europe.","St. Rupert is often depicted holding a salt cellar, reflecting his connection to the salt industry in Salzburg."
"St. Guntramnus","March 28","He is known for his pious life and contributions to the church in the face of political turmoil.","peace, reconciliation, widows","","France","Male","pious; just; humble; compassionate; dedicated","A true king is one who serves his people.; The greatest power lies in a heart that seeks to love.; Justice is the foundation upon which peace is built.","","","d. 592","St. Guntramnus was a king of the Franks who ruled with justice and sought to bring peace to his kingdom during a time of division. He was dedicated to the well-being of his people, often building churches and supporting charitable works. His legacy endures as a symbol of humility and devotion amidst power.","Despite his royal status, St. Guntramnus was known for his simple lifestyle and deep spiritual practices."
"St. Jonas","March 29","St. Jonas is known for being a saint and martyr in the early Christian Church.","martyrs, converts","","Turkey","Male","brave; devout; inspiring; steadfast; compassionate","Courage is not the absence of fear, but the triumph over it.; Faith is taking the first step even when you don't see the whole staircase.; Let your faith be bigger than your fears.","","","d. 341","St. Jonas was a devoted follower of Christ who lived during a time of persecution. He was martyred for his faith and is revered as one of the courageous early saints who stood firm in the face of adversity. His legacy continues to inspire those who seek strength in their beliefs.","St. Jonas is sometimes depicted with a bundle of arrows, symbolizing his steadfastness in faith amidst trials."
"St. John Climacus","March 30","He is known for his spiritual work, 'The Ladder of Divine Ascent', which guides Christians in their spiritual growth.","Ladder climbers, monastics","","Greece","Male","wise; ascetic; humble; devout; patient","If you wish to be rich, do not add to your gold but rather strive to diminish your desires.; The man who has true humility will not be troubled by trials.; In prayer, the soul ascends, and in silence it learns.","","","c. 579-649","St. John Climacus, a prominent 7th-century monk, dedicated his life to the pursuit of spiritual perfection. He is best known for his writings that provide insight into the ascetic life and the path to holiness. His teachings continue to inspire and guide believers in their spiritual journeys today.","St. John Climacus is revered in both the Eastern Orthodox and Roman Catholic traditions, illustrating his broad impact on Christian spirituality."
"St. Benjamin","March 31","A deacon and martyr known for his unwavering faith and dedication to spreading the Gospel.","migrants, refugees, deacons","","Persia","Male","brave; compassionate; dedicated; inspiring; faithful","The glory of God is the living man; and the life of man is the vision of God.; It is better to suffer injustice than to commit it.; Faith is taking the first step even when you don’t see the whole staircase.","","","d. 424","St. Benjamin was a deacon who courageously preached Christianity during a time of persecution. He was captured and subsequently martyred for his faith, serving as an inspiration to many. His steadfast commitment to his beliefs continues to resonate with those who advocate for social justice and human rights.","St. Benjamin is often portrayed with a scroll, representing his role in spreading the message of the Gospel."
"St. Hugh of Grenoble","April 1","He is recognized for his role in the reform of the Church and the establishment of the Carthusian Order.","sick people, purgatory, and gravediggers","","France","Male","compassionate; wise; humble; dedicated; ascetic","The Lord has given the world to all who dwell in it, but He has shared it with none so that all can have their own.; Let us where we are put be servants, and in whatever circumstances we be found, let us serve.; The love of God is the beginning of all good; without this there is no hope.","","","d. 1132","St. Hugh of Grenoble was a 12th-century bishop known for his profound dedication to the Church and a life of asceticism. He was instrumental in the founding of the Grande Chartreuse, home of the Carthusian monks, emphasizing a life of solitude and prayer. His compassionate leadership and commitment to education left a lasting impact on the Christian community in his time.","St. Hugh is often depicted with a swan, reflecting a legend of his friendship with the bird."
"St. Marcellinus","April 6","St. Marcellinus is known for being a Pope and for his martyrdom during the persecution of Christians under Emperor Diocletian.","prisoners, those suffering from fevers","","Italy","Male","courageous; compassionate; resilient; devout; wise","The blood of martyrs is the seed of the Church.; Stand firm in your faith; do not allow fear to quench your spirit.; Let charity govern all your actions.","","","d. 304","St. Marcellinus served as Pope at a time of great turmoil for Christians in the Roman Empire. He was eventually arrested and executed for his faith, becoming a symbol of courage and steadfastness. His legacy continues to inspire those who face persecution for their beliefs.","St. Marcellinus is often associated with miraculous healings attributed to his intercession."
"St. Julia","April 8","Martyrdom for her Christian faith during the persecution of Christians in North Africa.","abandoned children, exiles, martyrs","","North Africa","Female","courageous; faithful; compassionate; determined; inspiring","The more you are in the spirit of Christ, the more everything happens without your knowing it.; Let your love be sincere; hate what is evil, hold fast to what is good.; In faith, we must, all our lives, be ever ready to please God.","","","d. 304","St. Julia was a young Christian woman who showed remarkable courage by refusing to renounce her faith despite persecution. She was captured by the Romans and endured various tortures before ultimately being martyred. Her steadfastness and bravery inspire many in their faith journey.","St. Julia is often depicted with a palm branch, symbolizing her martyrdom and victory over persecution."
"St. William of Eskhill","April 9","William was a devoted hermit known for his ascetic life and deep spirituality.","hermits, ascetics","","Scotland","Male","spiritual; devout; ascetic; wise; compassionate","Prayer is the root of all virtues.; In silence, the heart finds its truest peace.; To embody love is to be in the presence of God.","","","d. 1214","St. William of Eskhill was a revered hermit who dedicated his life to prayer and contemplation in the wilderness. Through his rigorous ascetic practices, he sought to grow closer to God and inspire others toward holiness. His legacy of devotion continues to inspire many on the path of spiritual growth.","He is remembered for living in a cave and only venturing into nearby communities to share his wisdom and counsel."
"St. Magdalen of Canossa","April 10","Founding the Canossian Daughters of Charity.","education, young girls, the poor","","Italy","Female","compassionate; dedicated; resilient; humble; determined","To love is to give oneself without reserve.; Our heart must be open to all and especially to those who most need us.; In every circumstance, do the will of God with love.","","","1774-1835","St. Magdalen of Canossa was an Italian nun and the founder of a religious order dedicated to the spiritual and educational needs of the poor and marginalized. She devoted her life to serving others, establishing several schools and residences throughout Italy. Her legacy continues through the Canossian Sisters, who continue her mission of charity and education around the world.","She was inspired to serve the poor after witnessing the struggles of the less fortunate in her hometown of Verona."
"St. Albert the Great","April 12","He was a pioneering philosopher and scientist, particularly in the fields of natural science.","scientists, philosophers, students","","Germany","Male","intelligent; curious; meticulous; dedicated; compassionate","All sciences are not only in harmony with each other, but are united and connected in a universal science.; The science of the great and the little is one.; There is no science that cannot be elevated to the level of theology.","","","1206-1280","St. Albert the Great was a German Dominican friar and bishop known for his substantial contributions to the study of nature and the integration of faith and reason. His works laid the groundwork for later scientific inquiry and influenced many thinkers, including St. Thomas Aquinas. Revered as a Doctor of the Church, he is celebrated for his extensive writings on various disciplines, including theology, philosophy, and the natural sciences.","St. Albert was the first to classify the animal kingdom and is often referred to as the forerunner of modern biology."
"St. Martin I","April 13","He is known for his steadfast resistance against the Monothelite heresy.","popes, the Papacy","","Rome, Italy","Male","courageous; resolute; compassionate; steadfast; dedicated","The church must be free.; To stand up for the truth is to stand up for Christ.; Every act of justice should reflect the love of God.","","","d. 655","St. Martin I served as pope in the 7th century and is remembered for his courageous stand against the Monothelite doctrine, which claimed that Christ had only one will. His commitment to faith led to his imprisonment and exile by the Byzantine Emperor. His martyrdom and dedication have made him a revered figure in the Catholic Church.","St. Martin I was the last pope to be recognized as a martyr by the Church until the modern era."
"St. Perfectus","April 15","St. Perfectus is recognized as one of the early martyrs of the Christian faith during the Roman Empire.","martyrs, victims of persecution","","Roman Empire","Male","courageous; faithful; inspirational; charismatic; resilient","Faith is the light that guides us through the darkness.; In suffering, we find our true strength.; We are called to love one another, even unto death.","","","d. 203","St. Perfectus was a devoted Christian who boldly proclaimed his faith in a time of intense persecution. He became a martyr for his beliefs, inspiring countless others to hold fast to their faith. His legacy endures as a symbol of courage and resilience in the face of adversity.","St. Perfectus was reportedly known for his impressive oratory skills, which drew many to the Christian faith."
"St. Apollonius","April 18","A Christian martyr known for his defense of the faith during the Roman persecutions.","apologists, martyrs","","Rome, Italy","Male","brave; intellectual; devout; inspiring; resolute","The glory of God is man fully alive.; To be a witness is to be a martyr.; Faith is taking the first step even when you don't see the whole staircase.","","","d. 185","St. Apollonius was a renowned Christian apologist in the 2nd century who bravely stood before the Roman authorities to proclaim the truth of the Gospel. He was ultimately sentenced to death for his unwavering faith and commitment to spreading Christianity. His story inspires many believers to stand firm in their convictions, even in the face of persecution.","St. Apollonius’s trial and martyrdom were well-documented, making him one of the early Christian figures whose story continues to inspire apologetics today."
"St. Albert of Montecorvino","April 19","He was a Franciscan missionary known for spreading the Gospel in the East.","missionaries, the Franciscan Order","","Italy","Male","dedicated; compassionate; intrepid; inspirational; humble","Preach the Gospel at all times; when necessary, use words.; It is in giving that we receive.; It is better to be patient than to be proud.","","","d. 1279","St. Albert of Montecorvino was a pioneering Franciscan missionary who devoted his life to evangelizing in the distant lands of Asia. He played a significant role in establishing the first Christian missions in China, where he translated religious texts into Chinese. His legacy of faith and perseverance continues to inspire missionaries worldwide.","St. Albert was known to have been the first bishop of Beijing, making significant strides in the integration of Christianity within Chinese culture."
"St. Anselm of Canterbury","April 20","He is recognized as a Doctor of the Church and a key figure in medieval theology.","theologians, philosophers, Benedictine monks","","Italy","Male","intellectual; devout; insightful; determined; humble","I do not seek to understand in order to believe, but I believe in order to understand.; Faith seeks understanding.; God cannot be called a being, but He is the being itself, for God is truth and has no mixture of error.","","","1033-1109","St. Anselm of Canterbury was an Italian Benedictine monk, philosopher, and theologian who became the Archbishop of Canterbury. He is renowned for his arguments for the existence of God and for his work in reconciling faith and reason. His pioneering thoughts laid the groundwork for later theologians and philosophers, making significant impacts on Christian thought.","Anselm is often called the 'Father of Scholasticism' due to his influential method of argumentation."
"St. Theodore of Sykeon","April 22","He is known for his ascetic life and numerous miraculous healings.","monks, ascetics, the sick","","Byzantine Empire","Male","pious; compassionate; dedicated; humble; visionary","Prayer is the mother of all virtues.; Do not lose heart; in the end, everything will be made right.; Faith is a shield that protects us in our struggles.","","","d. 613","St. Theodore of Sykeon was a Byzantine monk renowned for his piety and deep commitment to an ascetic lifestyle. He spent his life in seclusion, dedicating himself to prayer and spiritual healing, earning a reputation for performing miracles. His legacy continues to inspire those seeking holiness and devotion in the Christian faith.","He reportedly once raised a boy from the dead, showcasing his profound connection to the divine."
"St. Fidelis of Sigmaringen","April 24","A martyr and passionate preacher who dedicated his life to defending the Catholic faith against Protestant heresies.","lawyers, attorneys, and the falsely accused","","Germany","Male","devout; courageous; compassionate; articulate; selfless","The true servant of God is a great helper of the oppressed.; In all things, give glory to God.; Faith should be the foundation of all our actions.","","","1577-1622","St. Fidelis of Sigmaringen was a Capuchin friar known for his fervent preaching and the defense of the Catholic faith. He was martyred in 1622 while preaching in Switzerland, becoming a symbol of unwavering faith and dedication. His legacy inspires many in the legal profession and beyond to uphold justice and truth.","St. Fidelis was originally a lawyer before entering the priesthood, which is why he is the patron saint of lawyers."
"St. Zita","April 27","She is known for her unwavering devotion and service to her family and the poor.","servants, housewives, abuse victims","","Italy","Female","humble; compassionate; devout; diligent; gentle","A mother’s love would give her life to save her child.; I will never let the work I do be an obstacle to doing good.; The true joy of serving others is to do so with love.","","","d. 1272","St. Zita was born in Tuscany, Italy, and dedicated her life to serving her family and those in need. She worked as a servant for the wealthy Fatinelli family, embodying kindness and humility in her daily tasks. Celebrated for her virtuous life, she became a beloved saint, and her example inspires many who work in domestic service.","Despite her humble beginnings, St. Zita was known for performing miracles during her lifetime, including multiplying loaves of bread to feed the poor."
"St. Pius V","April 30","Pope who excommunicated Queen Elizabeth I and established the Tridentine Mass.","papal elections, the Catholic Church, Rome","","Italy","Male","dedicated; humble; reformist; authoritative; pious","All the good works in the world will not save us without faith.; He who would hold himself free from sin must be careful not to be too indulgent in his own affairs.; A holy life is a living faith in God.","","","1504-1572","St. Pius V was a reformist pope known for his commitment to the Council of Trent's decrees, which sought to address issues within the Church. He is most renowned for promulgating the Roman Missal, which standardized the Mass throughout the Catholic Church. His papacy was marked by significant efforts to strengthen the Catholic faith in the face of the Reformation.","St. Pius V's reforms led to the creation of the modern Roman Catholic liturgy that is still in use today."
"St. Florian","May 4","St. Florian is known as the patron saint of firefighters and chimney sweeps.","firefighters, chimney sweeps, soldiers, Poland","","Roman Empire (modern Austria)","Male","courageous; devout; benevolent; strong-willed; protective","For you, I am willing to endure all things.; It is better to suffer injustice than to commit it.; Courage and struggle are the allies of faith.","","","d. 304","St. Florian was a Roman officer who became a Christian martyr during the reign of Emperor Diocletian. He is celebrated for his steadfast faith and is often depicted emerging from flames. His legacy endures as a symbol of protection against fire and disaster.","Despite his martial background, St. Florian's enduring legacy is one of peace and safety, emphasizing protection from fire rather than warfare."
"St. Hilary of Arles","May 5","Bishop of Arles and influential Church leader in the 5th century.","Bishops, France, the religious clergy","","France","Male","compassionate; determined; authoritative; charismatic; wise","In all things, unity; in all things, charity.; The true bishop is recognized by the meekness of his spirit.; God gives us the ability to care for each other in love.","","","d. 449","St. Hilary of Arles played a significant role in the early Church as a bishop who was known for his pastoral care and efforts to combat heresy. He was a pivotal figure in the Christianization of southern Gaul and worked tirelessly to promote unity and orthodoxy among believers. His leadership and dedication to the faith have made him a revered saint in the Catholic Church.","St. Hilary was known to have been a staunch opponent of the Arian heresy, which denied the divinity of Christ."
"St. Aidan of Lindisfarne","May 6","He is known for his role in the conversion of the Northumbrians to Christianity.","Northumbria, England, missionaries","","Iona, Scotland","Male","compassionate; humble; dedicated; wisdom; gentle","There is nothing more delightful than to be in love with God.; The greatest gift one can give is to commit oneself to the good of others.; No one can have God as his Father who does not have the Church as his Mother.","","","d. 651","St. Aidan was a monk from Iona who became the first bishop of Lindisfarne. He devoted his life to spreading Christianity in northern England and established the influential monastery on Lindisfarne. Aidan's gentle approach to conversion and his care for the poor made him beloved by the people he served.","Aidan is said to have had a special bond with animals, and it is told that he often shared his meals with them."
"St. John of Beverley","May 7","Known for his role as a bishop and his contributions to the education and spiritual life of the early church in England.","York, England","","England","Male","kind; devout; educational; charismatic; compassionate","The Kingdom of God is not for those who are idle, but for those who diligently seek it.; Faith is the foundation upon which all virtues are built.; Let us strive to live in peace and proclaim the love of Christ.","","","d. 721","St. John of Beverley was an influential bishop in the early 8th century who founded a monastery and played a significant role in the formation of the church in northern England. His commitment to education helped in the spiritual growth of the community, and he was also known for his piety and miracles. Today, he is remembered for his dedication to God and his service to the people of York.","St. John of Beverley is often invoked in prayers for those who are seeking education or guidance."
"St. Michael de los Santos","May 8","He is known for his dedication to the missions in the American territories.","missionaries, the Philippines","","Spain","Male","dedicated; compassionate; charismatic; resilient; humble","Preach the Gospel at all times; when necessary, use words.; The greatest service which can be rendered to any country is to add a useful plant to its agriculture.; To serve God is to serve humanity.","","","d. 1625","St. Michael de los Santos was a Spanish priest who became a Franciscan missionary in the Philippines. He was known for his tireless work in spreading the Christian faith among the indigenous people. His life was marked by a deep commitment to his faith and an unwavering spirit of service.","St. Michael once converted an entire village by performing miraculous healings."
"St. Pacian of Barcelona","May 9","He was a bishop known for his theological writings and defense of Christian doctrine.","Barcelona, the clergy, and Christian education","","Spain","Male","devout; articulate; compassionate; scholarly; resilient","We do not lose sight of heaven; we find it everywhere.; The victory of life is the glory of patience.; To love is to be at peace with oneself and the world.","","","d. 390","St. Pacian was a prominent bishop in the late 4th century, recognized for his strong stance against heresy and his efforts to win back lapsed Christians. He authored several letters and treatises that defended the importance of the sacraments and the need for moral purity among the faithful. His influence extended beyond his diocese, as he was consulted by other bishops on matters of doctrine and church governance.","St. Pacian is remembered for his unique form of pastoral care, often corresponding with his parishioners to provide spiritual guidance."
"St. Mamertus","May 11","Being the Bishop of Vienne and advocating for festivals of penance and prayer.","earthquakes, bad weather","","France","Male","devout; compassionate; resilient; leadership; humble","Prayer is an all-powerful weapon.; We must all pray for one another, not just for ourselves.; In times of distress, turn your heart toward God.","","","d. 474","St. Mamertus was the Bishop of Vienne who is best known for instituting the Rogation Days, which were intended to ask for God's mercy in times of calamity. His dedication to prayer and penance reflects the early Church's understanding of communal needs during crises. He played a crucial role in the religious life of his community during the tumultuous times of the 5th century.","St. Mamertus is credited with the introduction of the Rogation Days in the liturgical calendar."
"St. Paschal Baylón","May 17","He is known for his deep devotion to the Eucharist and for his role as a Franciscan friar."," Eucharistic Congresses, the deaf, and cooks","","Spain","Male","devout; humble; compassionate; mystical; charitable","The Eucharist is the greatest gift of God to us.; I would rather die than be without the blessed sacrament.; In the Eucharist, we find the true life of the soul.","","","1540-1592","St. Paschal Baylón was a Spanish Franciscan who dedicated his life to serving the poor and promoting devotion to the Holy Eucharist. He is remembered for his piety and his efforts in the reform of the Franciscan order. His dedication and humility made him a beloved figure in the Church, inspiring many to a greater love for the sacrament.","According to tradition, St. Paschal had a profound mystical experience during a celebration of Mass that solidified his devotion to the Eucharist."
"St. John I","May 18","Being a pope who stood for the rights of the Church against the Arian heresy.","popes, voters, and the city of Rome","","Italy","Male","devout; courageous; compassionate; wise; faithful","For the sake of unity, we must often be willing to set aside our own preferences.; The truth does not change, even if the world around us does.; To love Christ is to love His Church.","","","d. 526","St. John I was elected pope in 523 and is remembered for his defense of Catholic doctrine during a time of great theological turmoil. He was imprisoned by the Ostrogoth king Theodoric for opposing his Arian views, leading to his death due to harsh treatment. His legacy is one of steadfast faith and commitment to the truth of the Gospel.","St. John I is one of the few popes to have been martyred for his faith."
"St. Yves","May 19","St. Yves is known for his unwavering commitment to justice and the defense of the poor.","lawyers, judges, abandoned children","","France","Male","compassionate; just; dedicated; humble; intelligent","The law should be based on the truth.; Justice is what we all seek, and the poor deserve it most.; A true lawyer should care more for justice than for his own advantage.","","","1253-1303","St. Yves, a Breton priest and lawyer, dedicated his life to serving the underprivileged and offering fair legal representation. His work emphasized the importance of compassion and integrity in legal matters. He is revered as a champion of justice and is often invoked for guidance in legal issues.","St. Yves was known to give away his fees to the needy, solidifying his reputation as a protector of the downtrodden."
"St. John Baptist de Rossi","May 23","He is known for his dedication to the spiritual and material welfare of the poor and the sick.","the sick, catechists, and the city of Genoa","","Italy","Male","compassionate; dedicated; humble; gentle; charitable","Compassion is the link between the Church and her public.; We must not only have faith, but also have a heart filled with charity.; By helping the poor, we help ourselves, for their suffering is a window to our own humanity.","","","1698-1764","St. John Baptist de Rossi was an Italian priest who dedicated his life to serving the poor and sick in the streets of Rome. He was particularly known for his deep compassion and tireless work in providing both spiritual guidance and material assistance to those in need. His legacy continues to inspire those who work in pastoral care and social justice.","St. John Baptist de Rossi was known to have a deep love for animals, often caring for stray dogs and cats during his ministry."
"St. David I of Scotland","May 24","Known for founding several monastic communities and his efforts in evangelizing Scotland.","Scotland, the Scottish royal family","","Scotland","Male","charismatic; compassionate; determined; wise; diligent","Your faith is your anchor in the storms of life.; Let us work together for the good of our neighbors.; In every challenge, there is an opportunity for growth.","","","d. 1153","St. David I was a pivotal figure in the history of Scotland, known for his dedication to the Christian faith and his influence in the establishment of the church. He played a key role in promoting ecclesiastical reforms and aided in the development of monastic life throughout the region. His legacy continues to inspire many, and he is celebrated for his contributions to the spiritual and cultural growth of Scotland.","St. David I is often credited with introducing the feudal system to Scotland."
"St. William of York","May 28","He is known for his dedication to the Church and his conflict with the powers of his time regarding his rightful position.","York, England","","York, England","Male","devout; resilient; compassionate; thoughtful; diplomatic","In all things, I have followed the truth with a sincere heart.; Let us remain steadfast in our devotion to God, even amidst trials.; The spirit of God dwells within the hearts of the faithful, guiding them with grace.","","","d. 1154","St. William of York was a Benedictine monk and later became the Archbishop of York. His life was marked by a struggle to reclaim his see against political intrigue and opposition. After his death, he was regarded as a martyr for his unwavering commitment to his faith and his flock.","St. William is one of the few individuals in history to have his feast day officially recognized by three different popes."
"St. Josemaria Escriva","May 31","Founder of Opus Dei, a personal prelature of the Catholic Church devoted to the sanctification of everyday life.","workers, secular clergy, undergraduate students","","Spain","Male","humble; determined; joyful; pastoral; visionary","Work, then, is a channel of grace.; Don't let your life be a mere period of waiting.; The family is the first school of love.","","","1902-1975","St. Josemaria Escriva was a Spanish priest who dedicated his life to encouraging people to find God in their daily activities. He founded Opus Dei in 1928, emphasizing the importance of holiness in ordinary life. His teachings inspire millions to integrate their faith into their work and family lives.","St. Josemaria Escriva loved to play with words and was known for his humorous quips, often making light of serious situations."
"St. Blandina","June 2","Blandina is known as a martyr who stood steadfast in her faith, enduring horrific torture without renouncing Christ.","martyrs, enslaved people","","France","Female","brave; resilient; faithful; compassionate; determined","I am a Christian, and I cannot sacrifice to the gods.; I feel as though I am being thrown to a wild beast, but it is my faith that gives me strength.; My body may be slain, but my spirit will rise in victory.","","","d. 177","St. Blandina was a young Christian woman who lived in the 2nd century and is remembered for her unwavering faith. During a period of intense persecution in Lyons, she faced brutal torture alongside fellow Christians but remained resolute in her beliefs. Her courage inspired many and solidified her status as a symbol of faith and perseverance.","In her trials, Blandina was so inspiring that even her captors were moved by her profound faith."
"St. Francis Caracciolo","June 4","Founder of the Congregation of the Servants of the Blessed Sacrament.","cooks, Eucharistic adoration, the sick","","Italy","Male","devout; compassionate; humble; dedicated; inspirational","Let us be one among ourselves, but first let us be one with Christ.; The sense of God is not a burden but a grace beyond compare.; In Christ, we can find all that we desire.","","","1563-1608","St. Francis Caracciolo dedicated his life to serving God through the Eucharist and showed a profound love for the Blessed Sacrament. He founded a religious order focused on the love and adoration of the Eucharist, emphasizing the importance of this sacrament in daily life. His deep spirituality and commitment to service inspired many to follow his example of faith and devotion.","St. Francis was known to perform miracles attributed to the power of the Eucharist, including healing illnesses."
"St. Robert of Newminster","June 7","He is known for his role in the founding of the Cistercian order in the 12th century.","Cistercians, monks","","England","Male","compassionate; humble; dedicated; wisdom-filled; faithful","The good man owes it to himself to be better than he is.; In the silence of the heart, God speaks.; He who has put his hand to the plow and looks back is not fit for the kingdom of God.","","","d. 1159","St. Robert of Newminster was an English Cistercian monk and the abbot of the monastery at Newminster. He became a significant figure in the monastic reform of his time, helping to establish communities that emphasized simplicity and prayer. His dedication to the Cistercian way of life inspired many others to follow his spiritual path.","St. Robert had a profound influence on the monastic movement in England, leading to the establishment of several other monasteries."
"St. Landry","June 10","He is known for his leadership and dedication to the spiritual well-being of his community.","Paris, France; builders; fisherman","","France","Male","compassionate; selfless; devout; wise; approachable","Faith is the foundation of all virtues.; Love draws us to each other and binds us in unity.; The greatest gift we can give others is our time and attention.","","","d. 650","St. Landry was a devoted bishop of Paris, who showed exceptional care for the poor and sick during his tenure. He is remembered for his charitable works and his commitment to fostering a strong Christian community. His legacy continues to inspire those who work toward the service of others.","St. Landry is often depicted with a fish, symbolizing his patronage over fishermen."
"St. Methodius","June 14","Co-patron of the Slavic people, known for his missionary work alongside his brother Cyril.","Slavs, teachers, linguists","","Byzantine Empire","Male","compassionate; determined; intellectual; devoted; courageous","Let us, therefore, accept the teachings of Holy Scripture.; He who embraces the Christian teaching truly embraces a new life.; Our hope is in the Lord, who has made the heavens and the earth.","","","d. 885","St. Methodius was a 9th-century missionary known for bringing Christianity to the Slavic nations, particularly Great Moravia. Alongside his brother Cyril, he developed the Glagolitic alphabet, the first script used for writing Old Church Slavonic. Their work laid the foundation for Slavic culture and literacy.","St. Methodius and St. Cyril are often referred to as the 'Apostles to the Slavs.'"
"St. Germaine Cousin","June 15","Known for her deep faith and miracles attributed to her intercession.","loss of parents, handicapped, sick people","","France","Female","compassionate; gentle; faithful; humble; resilient","I would rather die than offend my God.; My heart is filled with love for God.; Trust in God; He knows what is best for us.","","","1579-1601","St. Germaine Cousin was born in a small village in France, where she faced great hardship from a young age due to her physical disabilities and neglect from her family. Despite her suffering, she led a life of piety and charity, often caring for the sick and the poor in her community. Her profound compassion and unwavering faith led to her being canonized as a saint, with many claiming miracles after invoking her name.","St. Germaine is often depicted with a lamb, symbolizing her gentle nature and connection to pastoral life."
"St. John Francis Regis","June 16","He is known for his dedication to the spiritual and physical welfare of the poor.","barbers, miners, and the unemployed","","France","Male","compassionate; dedicated; humble; charismatic; inspiring","We must strive to be like Jesus, who emptied himself for the good of others.; The love of God surpasses all the treasuries of the world.; Suffering can be a great teacher when we unite it with the passion of Christ.","","","1597-1640","St. John Francis Regis was a French priest of the Society of Jesus who spent his life in service to the marginalized. His zealous preaching and tireless pastoral work significantly impacted the region around Toulouse in France, particularly focusing on the conversion of the indifferently Catholic and the protestors of the Jansenist heresy. His life was characterized by deep compassion and commitment to those in need, earning him a revered place among the saints.","St. John Francis Regis is known to have walked barefoot during his missions, emphasizing his humility and dedication."
"St. Albert Chmielowski","June 17","Founder of the Albertine Brothers and Sisters, dedicated to serving the poor.","artists, homeless, and those with mental illnesses","","Poland","Male","compassionate; artistic; dedicated; selfless; humble","Love is the most important thing in life.; One cannot be grateful enough for the joy of every new day.; Serving the poor is the most profound way to serve Christ.","","","1845-1916","St. Albert Chmielowski, originally an artist, experienced a profound transformation that led him to abandon his career and dedicate his life to serving the marginalized. He founded the Albertine religious congregation, which focused on caring for the poor and homeless in Poland. His life exemplifies the call to charity and compassion, highlighting the importance of serving others in need.","Before becoming a religious figure, Albert was a painter and even exhibited his art in Warsaw."
"St. Gregory Barbarigo","June 18","He is known for his contributions to the Catholic Church in the 17th century as a bishop and a diplomat.","Venice, seminarians, and the clergy","","Italy","Male","humble; dedicated; wise; compassionate; visionary","He who follows Christ, walks not in darkness.; The man who is truly humble is the most noble and the richest.; In order to reach God, it is necessary to enter into oneself.","","","1625-1697","St. Gregory Barbarigo was an influential bishop in the 17th century, dedicated to reforming the clergy and enhancing the quality of pastoral care. He played a crucial role in the Counter-Reformation efforts in Venice, establishing seminaries and promoting a deeper understanding of the faith. His commitment to education and the spiritual well-being of his flock earned him a place as a revered figure in Church history.","St. Gregory Barbarigo was known for his simplicity and humility, often walking long distances to visit the poor and address their needs."
"St. Alban","June 20","St. Alban is recognized as the first British martyr.","converts, torture victims, missionaries","","England","Male","brave; compassionate; selfless; inspiring; faithful","In the end, we will remember not the words of our enemies, but the silence of our friends.; Faith is taking the first step even when you don't see the whole staircase.; The best way to find yourself is to lose yourself in the service of others.","","","d. 209","St. Alban was a pagan soldier who converted to Christianity after sheltering a priest named Amphibalus. He witnessed the priest's bravery and chose to take his place when soldiers came to arrest him. Captured and executed for his faith, Alban's legacy inspires countless Christians around the world.","St. Alban is venerated as the patron saint of England, even though he lived long before the establishment of England as a nation."
"St. Joseph Cafasso","June 23","Known for his work as a priest and confessor, and for his deep commitment to spiritual guidance and care for the poor.","prisoners, chaplains, those who work with the incarcerated","","Italy","Male","compassionate; humble; dedicated; wise; charismatic","It is in the spirit of practice and habits that we become what we will be.; A good confessor, an honest and experienced confessor, knows that all can be salvaged.; To be a true disciple of Jesus is to know that we must always seek to serve others.","","","1811-1860","St. Joseph Cafasso was a dedicated priest from Italy who served as a mentor to St. John Bosco. He was renowned for his spiritual direction and his tireless efforts to aid those in need, particularly prisoners. His life was a testament to compassion, mercy, and the transformative power of faith.","Despite his serious dedication to his ministry, St. Joseph Cafasso had a great sense of humor and was known for his ability to lift the spirits of those around him."
"St. William","June 25","He is known for his extensive work in reforming monastic life and promoting the Benedictine Rule.","brewers, disabled, sick children","","England","Male","dedicated; compassionate; humble; wise; charitable","For where there is charity and wisdom, there is neither fear nor ignorance.; The more we have, the more we must give.; True love is not about being inseparable; it's being separated and nothing changes.","","","d. 1154","St. William was a committed Benedictine monk and later became the Bishop of Eboracum, known today as York. He devoted his life to the care of his flock, emphasizing the need for pastoral charity and the importance of monastic reform. His canonization highlighted his role as a shining example of holiness and compassion in the Middle Ages.","St. William is often depicted holding a staff and a model of a church to symbolize his pastoral care and his dedication to the Catholic Church."
"St. Cyril of Alexandria","June 27","Cyril was a prominent theologian and philosopher known for his role in the Nestorian controversy and the Council of Ephesus.","theologians, educators, writers","","Egypt","Male","intelligent; determined; eloquent; compassionate; resolute","What is not assumed is not healed.; The Word unites with our nature, but does not lose His own.; Let us worship the Lord our God and adore Him with all our heart.","","","c. 376-444","St. Cyril of Alexandria served as the Patriarch of Alexandria and was a staunch defender of the orthodox faith against heresies. His teachings significantly shaped Christological doctrine, particularly the nature of Christ as both divine and human. An influential figure in early Christianity, Cyril's commitment to the truth and his eloquent writings continue to resonate with the faithful.","Cyril is credited with developing the concept that Christ is one divine person with two distinct natures, a teaching crucial to Christian theology."
"St. Odilo of Cluny","July 2","He is renowned for his role in the development of the monastic reform movement and the expansion of the Cluniac order.","monks, the Cluniac order","","France","Male","devout; dedicated; humble; inspirational; compassionate","We must strive to please others, but most importantly, we must please our God.; Let us always continue to live according to the rule of Christ.; True peace comes from the love of God and the unity of his people.","","","962-1049","St. Odilo of Cluny was a Benedictine monk who became the second abbot of Cluny Abbey. Under his leadership, the monastery flourished, and its influence expanded across Europe, promoting a return to strict monastic discipline and spirituality. He is also remembered for instituting the observance of All Souls' Day, emphasizing the importance of praying for the deceased.","St. Odilo’s reforms were pivotal in shaping the future of Western monasticism during the Middle Ages."
"St. Anthony Mary Zaccaria","July 5","Founder of the Barnabite Fathers and a champion of the Tridentine reforms.","Catholic youth, priests, bookkeepers","","Italy","Male","passionate; innovative; devoted; charismatic; empathetic","The love of Jesus is the greatest treasure.; We must not consider rest until our last breath.; A good soul is one who is always trying to be holy.","","","1502-1539","St. Anthony Mary Zaccaria was a priest who dedicated his life to revitalizing the faith among the clergy and laity. He founded the Clerics Regular of St. Paul, a religious order aimed at educating the youth and promoting a deeper spiritual life. His commitment to the Church and the formation of spiritual leaders left a lasting legacy in the Catholic community.","St. Anthony Mary Zaccaria was known for his unconventional methods, including using humor and playfulness to engage youth in their faith."
"St. Rufinus","July 10","Rufinus is venerated as a martyr and saint who died for his faith during the early Christian persecutions.","martyrs, Algeria","","Algeria","Male","brave; devout; resolute; compassionate; inspirational","Faith is to believe what you do not see; the reward of this faith is to see what you believe.; Where there is faith, there is love; where there is love, there is peace.; To be a martyr is to willingly suffer for the truth of God.","","","d. 302","St. Rufinus was a devoted Christian who faced persecution for his beliefs in the early 4th century. He exemplified courage in the face of adversity and ultimately gave his life for his faith. His legacy continues to inspire Christians to stand firm in their convictions.","St. Rufinus is often associated with the city of Oran in Algeria, where he is particularly venerated."
"St. Alexis","July 17","Legendary figure known for his piety and devotion to God, renouncing a life of comfort for prayer and charity.","beggars, the homeless, wives, and the unloved","","Rome, Italy","Male","humble; devout; compassionate; selfless; resilient","The one who wants to be first must become the servant of all.; I have chosen to follow the path of humility, where true greatness lies.; In the face of suffering, let love be our first response.","","","d. 411","St. Alexis, originally from a wealthy family, chose a life of poverty and anonymity after his marriage. He lived as a beggar, dedicating his life to serving the poor and living out the teachings of Christ. His extraordinary humility and commitment to the needy have made him a beloved saint in the Catholic Church.","St. Alexis is often depicted in art holding a cross and a beggar's bowl, symbolizing his dual life of nobility and humility."
"St. Arsenius","July 19","Being an influential monk and spiritual teacher in the early Christian church.","monks, ascetics, spiritual seekers","","Egypt","Male","thoughtful; humble; wise; solitary; devout","I have often said, 'I have but one desire, I would not lose my right mind in this world for all the empires of the earth.'; Flee, therefore, from the world; forsake all, that you may find all.; He who strives to be a saint should strive with all his strength to seek humility.","","","d. 449","St. Arsenius was a hermit who profoundly influenced many through his life of prayer and asceticism. After serving as a tutor to the sons of Emperor Theodosius, he sought a life of solitude in the Egyptian desert. His wisdom and teachings on detachment and humility have inspired countless followers seeking a deeper spiritual life.","St. Arsenius is known for famously stating that he would rather be alone than surrounded by distractions, reflecting his deep commitment to solitude."
"St. Apollinaris","July 20","Early bishop and martyr who played a key role in the spread of Christianity in Italy.","bishops, caretakers, epilepsy, martyrs, and the city of Ravenna","","Italy","Male","devout; courageous; compassionate; resilient; charismatic","Let us not be ashamed of the Cross of Christ.; If we suffer with Him, we shall also reign with Him.; Faith is the foundation upon which our salvation is built.","","","d. 79","St. Apollinaris was one of the early bishops of Ravenna who faced persecution for his steadfast faith. He is believed to have been martyred for his efforts to evangelize the region, and his legacy continues to influence the Church today. His dedication to Christ and unwavering spirit inspires many to remain steadfast in their faith despite challenges.","St. Apollinaris is often depicted with a palm branch, symbolizing his martyrdom."
"St. Lawrence of Brindisi","July 21","A Capuchin Franciscan and an influential preacher known for his eloquent sermons and theological writings.","Franciscans, missionaries, Italy","","Italy","Male","intelligent; -charismatic; diligent; compassionate; devout","A great measure of faith is to abandon oneself to God and trust Him.; Love is a profound mystery that cannot be fully understood but only lived.; One who truly loves God puts their trust in Him and shall not fear.","","","1559-1619","St. Lawrence of Brindisi was a remarkable theologian and preacher in the early 17th century, renowned for his ability to communicate the faith with clarity and passion. He played a key role in the Counter-Reformation by traveling extensively to rekindle faith in communities threatened by Protestantism. His deep devotion and commitment to Christ inspired many to follow his example in both religious and everyday life.","St. Lawrence was not only a priest but also multilingual, fluent in several languages, including Hebrew and Arabic, which he used in his evangelization efforts."
"St. Pantaleon","July 27","St. Pantaleon is known as a physician and martyr who devoted his life to healing and serving others.","physicians, medical workers, pregnancy, falsely accused, veterinarians","","Greece","Male","compassionate; brave; dedicated; pious; skilled","The physician should be aware that the greatest skill of healing is prayer.; I will not abandon the patients entrusted to me; my faith will guide my healing hands.; In serving others, we serve God himself, for in every person, we see the face of Christ.","","","d. 303","St. Pantaleon, a physician in the fourth century, became renowned for his miraculous healings through faith. After converting to Christianity, he refused to renounce his faith even under persecution, leading to his martyrdom. His legacy of compassion and dedication to the sick continues to inspire medical professionals today.","Pantaleon is often depicted in art with medical instruments, symbolizing his role as a healer."
"St. Lydia","August 3","The first recorded convert to Christianity in Europe.","dyers, cloth merchants, conversions","","Thyatira (modern-day Turkey)","Female","generous; faithful; hospitable; courageous; entrepreneurial","Faith is the light that illuminates the dark places of our lives.; Open your heart to serve; you'll find joy in the simplest acts.; One does not simply commit to Christ without a heart prepared for love and sacrifice.","","","1st Century","St. Lydia was a wealthy seller of purple cloth from Thyatira who became the first European convert to Christianity after hearing St. Paul preach. She opened her home to Paul and his companions and was instrumental in establishing the early Church in Philippi. Her generous spirit and faithfulness made her a key figure in the spread of the Gospel in the Roman Empire.","Lydia's name has become synonymous with hospitality, reflecting her welcoming nature."
"St. Sixtus II","August 6","Pope and martyr known for his leadership during the early Church's struggles.","archbishops, the Vatican City","","Rome","Male","courageous; faithful; compassionate; leadership; dedicated","The blood of martyrs is the seed of the Church.; In order to be a true follower of Christ, we must be prepared to suffer.; Eternal salvation is found in the unity of faith and the community of believers.","","","d. 258","St. Sixtus II served as pope during a tumultuous time when Christians faced severe persecution under the Roman Empire. He was known for his courageous defense of the faith and his role in promoting the martyrdom of clergy and laity alike. Ultimately, he was martyred while celebrating the Eucharist, exemplifying his commitment to Christ and the Church.","St. Sixtus II was the first pope to be martyred in the Vatican."
"St. Hyacinth","August 17","A renowned Dominican friar known for his missionary work in Eastern Europe.","Dominican Republic, Poland, Lithuania, sailors, and merchants","","Poland","Male","devout; courageous; dedicated; humble; charismatic","Preach the Gospel at all times and when necessary use words.; The heart of man is not only imprinted with a thirst for God, but also with a need to manifest Him in real life.; A good life is a testimony of faith.","","","d. 1257","St. Hyacinth was a Polish Dominican who played a pivotal role in spreading Christianity across Eastern Europe. He is celebrated for his unwavering dedication to preaching and converting souls, often at great personal risk. His efforts led to the establishment of numerous Dominican communities in the region, making him a significant figure in the history of the Church.","St. Hyacinth is said to have miraculously carried a statue of the Virgin Mary across a great distance during his missions."
"St. Helena","August 18","Mother of Emperor Constantine and influential in the establishment of Christianity in the Roman Empire.","converts, archaeologists, empresses, and mothers","","Bithynia, Asia Minor","Female","devout; compassionate; determined; wise; courageous","The heart that is grateful is always in the right mood.; Do not be afraid; God has entrusted you with a mission.; Let the cross be my light and the Holy Cross my guide.","","","c. 250-330","St. Helena, the mother of Emperor Constantine, is venerated for her significant role in the early Christian Church. She is best known for her pilgrimage to the Holy Land, where she discovered the True Cross. Honored as a saint by the Catholic Church, her legacy continues to inspire countless believers.","Legend has it that she found the True Cross during her travels in Jerusalem, leading to it being revered worldwide."
"St. Aidan","August 31","Founder of the monastery on Lindisfarne and a key figure in the conversion of the Northumbrians to Christianity.","Northumbria, Ecumenism","","Ireland","Male","compassionate; humble; dedicated; wise; gentle","The measure of love is to love without measure.; He who has God has everything.; A prayerful heart is like a well in which the water of life flows.","","","d. 651","St. Aidan was originally from Ireland and became a monk on the Isle of Iona before being sent to Northumbria as a missionary. Known for his gentle demeanor and spiritual leadership, he played a pivotal role in spreading Christianity in the region. His work laid the foundation for a lasting ecclesiastical structure in England and he is revered for his commitment to both the faith and the well-being of his flock.","Despite his noble efforts, Aidan often traveled barefoot and was known for his humble lifestyle."
"St. Brocard","September 2","He was the first prior of the Carthusian order in England.","Carthusians, contemplative life","","England","Male","contemplative; dedicated; humble; peaceful; visionary","The soul should be like a beautiful garden, where contemplation is cultivated.; In silence, we hear the whispers of God's love.; True joy is found in the stillness of the heart.","","","d. 1124","St. Brocard was a significant figure in early British monasticism, well-known for his devotion and leadership within the Carthusian community. He played a critical role in establishing the Carthusian order in England, promoting a lifestyle of solitude and prayer. His life exemplifies dedication to God through silence and contemplation, inspiring many to pursue a similar calling.","St. Brocard established the first Carthusian monastery in England at Witham."
"St. Eleutherius","September 6","He is recognized as a martyr and an early Pope of the Roman Catholic Church.","prisoners, those seeking freedom","","Rome","Male","courageous; faithful; determined; compassionate; inspirational","The blood of martyrs is the seed of the Church.; Faith can move mountains.; Endure and conquer.","","","d. 189","St. Eleutherius served as Pope during a time of persecution for Christians. He is remembered for his steadfast faith and leadership during adversity, ultimately leading to his martyrdom. His dedication inspired generations of believers seeking hope and resilience.","St. Eleutherius is considered one of the earliest popes to advocate for the Christian faith in the face of Roman opposition."
"St. Wasnildus","September 7","St. Wasnildus is recognized for his pious life and dedication to monasticism.","monks, spiritual seekers","","Europe","Male","pious; wise; humble; compassionate; dedicated","Contemplation is a treasure that lies within the heart.; In the silence of prayer, we find the voice of God.; To serve others is to discover the true meaning of our existence.","","","d. 1051","St. Wasnildus was a revered monk who devoted his life to prayer and contemplation in a secluded monastery. His deep spirituality and commitment to asceticism inspired many of his contemporaries. Known for his wisdom, he guided numerous souls on their spiritual journeys throughout his life.","Despite leading a life of seclusion, St. Wasnildus is credited with fostering a vibrant community of disciples who sought his insights on faith."
"St. Peter Claver","September 9","He is known for his dedicated work in serving African slaves in Colombia.","African missions, slaves, pastoral care","","Spain","Male","compassionate; dedicated; resilient; humble; empathetic","It is not enough to love the negro; we must do everything for their salvation.; I must do what I can to bring them to Christ.; All is in vain but that which is done for the love of God.","","","1580-1654","St. Peter Claver was a Spanish Jesuit priest who dedicated his life to the service of the enslaved people brought to the Americas. He is remembered for his compassion, providing care, and spreading the Christian faith among the African slaves. Claver baptized more than 300,000 slaves throughout his life, earning him the title 'Apostle of the Negroes.'","Throughout his life, he often said, 'I cannot think of a better way to serve God than by serving my fellow man, particularly those in dire need.'"
"St. Nicholas of Toledo","September 10","Nicholas of Toledo is celebrated for his contributions to the church and his moral integrity.","back pain, doctors, the sick","","Spain","Male","compassionate; wise; dedicated; humble; caring","Faith is like a grain of mustard seed; it starts small but can grow into something great.; In times of trouble, turn to God, for He is our greatest comforter.; True charity involves not just giving of our possessions, but sharing our hearts.","","","d. 1176","St. Nicholas of Toledo was a noted 12th-century Spanish priest known for his dedication to pastoral care. Throughout his life, he demonstrated remarkable compassion towards the sick and the needy, earning the respect and love of his community. He is remembered as a man of great faith and wisdom, whose teachings continue to inspire many in the Catholic tradition.","St. Nicholas was said to have performed numerous miracles during his lifetime, including healing the sick."
"St. Adrian of Nicomedia","September 11","Martyrdom during the persecution of Christians under Emperor Diocletian.","guards, soldiers, and those in danger.","","Nicomedia, Asia Minor","Male","brave; devout; determined; loyal; sacrificial","The greater the struggle, the greater the reward.; Faith is the anchor in the storms of life.; Courage is not the absence of fear, but the triumph over it.","","","d. 304","St. Adrian of Nicomedia was a Christian martyr who lived during the early 4th century. He boldly refused to renounce his faith, even when faced with brutal torture and death. His steadfastness in the face of adversity has inspired countless believers throughout the ages.","St. Adrian is often depicted with a sword, symbolizing his role as a protector of Christians."
"St. Thecla","September 12","St. Thecla is known for her remarkable dedication to the Christian faith and her role as one of the earliest female martyrs.","hatmakers, tuberculosis patients, actresses","","Turkey","Female","courageous; devout; resilient; inspiring; compassionate","For I will not marry, but I will follow my hope, which has been spoken of unto me.; Do not forget the works of the Lord; for they are great, both in heaven and on earth.; Let my works be a manifestation of my faith, and let them speak for me.","","","d. 135","St. Thecla was a young woman from Iconium who, inspired by the teachings of St. Paul, embraced a life of celibacy and devotion to God. She faced persecution for her faith, enduring trials that ultimately led to her martyrdom. Her story has inspired generations, symbolizing the strength and resilience of women in the early church.","St. Thecla is often depicted in art as a companion to lions, reflecting her miraculous escapes from dangerous situations."
"St. Catherine of Genoa","September 15","She is known for her mystical writings and profound spirituality.","nurses, the sick, the dying","","Italy","Female","compassionate; devout; introspective; determined; caring","Love transforms one into what one loves.; Our greatest happiness is our union with God.; He who loves God is always with God.","","","1447-1510","St. Catherine of Genoa was a devoted mystic and servant of the sick, who dedicated her life to the care of the poor and the suffering. Her mystical experiences led her to a deeper understanding of God's love and mercy, which she expressed in her writings. She founded a hospital in Genoa, which became a model for future institutions of care.","St. Catherine's writings on the soul's union with God are considered some of the most significant in Christian spirituality."
"St. Joseph of Cupertino","September 18","Known for his remarkable levitations during prayer.","aviators, spiritual students, test takers","","Italy","Male","humble; devout; mystical; gentle; innocent","I have only one desire, and that is to love God.; To love is to learn how to live with those you love.; It is good to keep a soul in prayer; it stays in God's heart.","","","1603-1663","St. Joseph of Cupertino was a humble Franciscan friar who became known for his ecstatic visions and miracles. Despite facing significant challenges in his education, he was deeply devoted to prayer and the contemplative life. His extraordinary ability to levitate led many to see him as a saintly figure during his lifetime, and he remains an inspiration to those who face difficulties in their spiritual journey.","St. Joseph's levitations were so frequent and striking that they reportedly caused a stir among onlookers, prompting some to question the nature of his spiritual experiences."
"St. Januarius","September 19","Famed for the miraculous liquefaction of his blood.","blood donors, volcanic eruptions, Naples","","Italy","Male","devout; courageous; compassionate; resilient; inspirational","The blood of martyrs is the seed of Christians.; Faith is a light in the darkest of nights.; No one can be a martyr without first being a witness.","","","d. 305","St. Januarius was a bishop and martyr who died during the persecution of Christians under Emperor Diocletian. He is best known for the miraculous phenomenon of his blood, which is said to liquefy annually in his shrine in Naples. His veneration has been a source of inspiration for many, as he represents steadfast faith amid adversity.","His blood has been reported to liquefy thrice a year, a miracle that draws thousands to his shrine."
"St. Maurice","September 22","Maurice is known as a leader of the Theban Legion and a martyr under the Roman Empire.","soldiers, swordsmiths, and military chaplains","","Egypt","Male","brave; devout; loyal; noble; strong","The enemy does not attack when he knows the victor to be ever watchful.; I would rather die than betray the faith I hold dear.; In strength and conviction, there is no greater army than that of faith.","","","d. 286","St. Maurice was an early Christian martyr and the commander of the Theban Legion in the Roman army. Refusing to participate in pagan sacrifices, he and his fellow soldiers faced execution for their faith. Maurice's steadfastness and leadership in the face of persecution made him a beloved figure and a symbol of military obedience to Christ.","St. Maurice is often depicted in art carrying a standard and wearing armor, symbolizing his role as a military leader."
"St. Cosmas","September 26","St. Cosmas is known as a patron saint of physicians and surgeons.","surgeons, physicians, pharmacists, herbalists, and the poor","","Syria","Male","compassionate; dedicated; selfless; skilled; faithful","Medicine is a divine gift bestowed upon us.; To heal is to serve God.; In every patient, we see Christ.","","","d. 303","St. Cosmas, along with his brother Damian, was a physician known for performing surgeries without charge, demonstrating their commitment to serving the sick and needy. They were martyred for their faith during the reign of Emperor Diocletian and are revered for their dedication to the practice of medicine as a ministry. Their legacy continues to inspire countless medical professionals who see their work as a vocation of service.","St. Cosmas and St. Damian are often depicted as twin brothers, symbolizing unity and cooperation in their healing ministry."
"Our Lady of the Rosary","October 7","The celebration honors the Blessed Virgin Mary under her title of Our Lady of the Rosary.","praying the rosary, against storms, for peace","","Worldwide","Female","devout; compassionate; intercessory; nurturing; peaceful","The rosary is a powerful weapon to put the demons to flight and to keep oneself free from sin.; To pray the rosary is to hand over our burdens to Mary, to let her take care of them.; Through the rosary, we contemplate the life of Christ in union with the life of His Mother.","","","Centuries","Our Lady of the Rosary dates back to the 13th century, reflecting the importance of the rosary in Catholic devotion. She is seen as a powerful intercessor and has inspired countless faithful to seek her guidance through prayer. The feast emphasizes the role of Mary in the church and the spiritual strength of the rosary.","The feast was established in 1571 to commemorate the victory of Christian forces at the Battle of Lepanto, which was attributed to the intercession of the Virgin Mary."
"St. Pelagia","October 8","Known for her conversion from a life of sin to a life dedicated to God.","sinners, actresses","","Antioch","Female","devout; transformed; courageous; inspiring; compassionate","The time is now to take up the cross and follow Him.; Every day is a chance for a new beginning.; In humility, I found strength; in prayer, I found peace.","","","d. 303","St. Pelagia was originally a beautiful actress who lived a life of luxury and indulgence in Antioch. After hearing a sermon on repentance, she chose to abandon her former life and dedicated herself to prayer and penance. Her remarkable transformation inspires many to seek forgiveness and live a holy life.","Despite her past as a celebrated actress, St. Pelagia became known for her deep devotion and commitment to God, a striking contrast to her former lifestyle."
"St. Denis","October 9","The patron saint of France and a martyr who was one of the first bishops of Paris.","France, parishes in France, headache sufferers","","France","Male","determined; courageous; compassionate; devoted; inspirational","What we do in life echoes in eternity.; To be a true leader, one must serve others.; Faith is taking the first step even when you don't see the whole staircase.","","","d. 250","St. Denis was a third-century Christian martyr, known for his missionary work in Gaul. According to legend, he was decapitated for his faith but picked up his head and walked several miles, preaching the Gospel. He became the bishop of Paris and is celebrated for his unwavering dedication to spreading Christianity in France.","St. Denis is often depicted carrying his own head in art, symbolizing his martyrdom and miraculous endurance."
"St. Paul of the Cross","October 10","Founder of the Passionists, a religious order dedicated to the Passion of Christ.","spiritual retreats, the Passionists, the suffering","","Italy","Male","devout; introspective; compassionate; charismatic; resilient","May the Passion of Christ be always in our hearts.; Let us not run away from the cross, but embrace it, being conformed to our suffering Savior.; In all things, let us be mindful of the love God has poured out for us through His Son.","","","1694-1775","St. Paul of the Cross was born in Italy and spent much of his life preaching and spreading devotion to the Passion of Jesus. He founded the Congregation of the Passion (the Passionists) to foster a deeper understanding of Christ's suffering. His profound spirituality and emphasis on contemplative prayer have inspired countless followers to deepen their faith.","St. Paul of the Cross is known for his intense mystical experiences, which often included visions of Christ's passion."
"St. Edward the Confessor","October 13","Last of the Anglo-Saxon kings of England, known for his piety and dedication to God.","England, difficult marriages, separations, and the sick.","","England","Male","pious; just; compassionate; humble; devout","I am a king but I am a servant of Christ.; What shall we do that is good in the sight of God?; Faith is more precious than any earthly kingdom.","","","1003-1066","St. Edward the Confessor was a beloved king who governed with compassion and justice, fostering peace and stability in England during his reign. He was known for his deep spirituality and commitment to helping the less fortunate, earning him a reputation as a kind and holy ruler. After his death, his sanctity was recognized and he was canonized, becoming one of the most revered saints in England.","St. Edward sparked an unusual custom in England, as people began to believe that touching his tomb could cure ailments."
"St. Callistus I","October 14","St. Callistus I was known for his role as pope and his reforms in the early Church.","believers, cemetery workers, the poor","","Rome, Italy","Male","compassionate; resilient; humble; dedicated; visionary","Let us be careful, lest we think ourselves well of our own works.; Wherever the bishop shall appear, there let the people also be.; In whatever we do, let us rely upon God's grace.","","","d. 222","St. Callistus I was a pope who advocated for the inclusion of sinners into the Church, emphasizing God's mercy. He established a cemetery for Christians in Rome, which became a revered burial site. His leadership provided a model of compassion and forgiveness during a time of persecution.","St. Callistus I is credited with creating the first Christian public cemetery in Rome."
"St. Ignatius of Antioch","October 17","Early Christian martyr and bishop known for his letters encouraging unity and faith.","Church workers, the eastern Mediterranean, martyrdom","","Syria","Male","brave; articulate; devout; passionate; visionary","Where there is Christ Jesus, there is the Catholic Church.; No one should be called a Christian who does not hold to the teachings of Christ.; I am God's wheat, and I am to be ground by the teeth of wild beasts.","","","d. 107","St. Ignatius of Antioch was a bishop and one of the earliest Apostolic Fathers of the Church. He was arrested and brought to Rome, where he faced martyrdom for his faith around the year 107 AD. His impactful letters emphasize the importance of the Eucharist and the authority of bishops in the early Christian community.","St. Ignatius was one of the first to use the term 'Catholic Church' in his writings."
"St. John Cantius","October 20","He is known for his deep spirituality, commitment to education, and dedication to helping the poor.","students, educators, teachers","","Poland","Male","pious; intelligent; compassionate; dedicated; humble","Teach us to give and not to count the cost.; There is no better place to learn the mysteries of God than in the school of suffering.; A good teacher is like a candle—it consumes itself to light the way for others.","","","d. 1473","St. John Cantius was a Polish priest and professor who dedicated his life to teaching and spiritual guidance. Renowned for his piety and devotion, he significantly contributed to the academic landscape of his time and was beloved by both students and the community he served. His legacy continues to inspire educators and students alike, emphasizing the importance of faith and knowledge.","Despite living during a time of widespread corruption in the Church, St. John remained a model of integrity and virtue."
"St. Crispin","October 25","Patron saint of cobblers and shoemakers.","cobblers, shoemakers, leather workers","","Roman Empire","Male","devout; resolute; compassionate; humble; brave","Let us, in our own humble way, preach the Gospel, even while we work.; Faith is as necessary as the shoes that protect our feet.; In the face of death, we find our true purpose.","","","d. 286","St. Crispin, along with his brother Crispinian, was a Christian martyr who dedicated his life to preaching and helping the poor. They famously worked as cobblers during the day while spreading the Gospel at night. Their unwavering faith led to their martyrdom under Emperor Maximian in the late 3rd century.","St. Crispin is often invoked by shoemakers, and in Shakespeare's play 'Henry V', his name is immortalized in a famous battle speech."
"St. Evaristus","October 26","He is known as the fifth Pope and a successor of St. Peter.","Pope, Popes","","Greece","Male","dedicated; humble; courageous; wise; compassionate","A shepherd does not run at the sight of a wolf.; Faith is not a leap in the dark; it's a step into the light.; When in doubt, trust in God.","","","d. 107","St. Evaristus served as Pope during the early years of the Christian church, promoting the faith in a time of persecution. Known for his leadership and commitment to the teachings of Christ, he played a pivotal role in organizing the church's structure. His papacy is marked by the strengthening of the Christian community and the affirmation of its doctrines.","St. Evaristus is believed to have been the first Pope to introduce the practice of appointing bishops."
"St. Alphonsus Maria de Liguori","October 30","Founding the Congregation of the Most Holy Redeemer (Redemptorists).","theologians, moralists, confessors, cancer patients, and those suffering from arthritis.","","Italy","Male","devout; compassionate; intellectual; musical; charismatic","Prayer is necessary for salvation.; The great business of life is to get to heaven.; He who prays is certainly saved; he who does not pray is certainly damned.","","","1696-1787","St. Alphonsus Maria de Liguori was a prominent Italian bishop and theologian known for his deep devotion to the Blessed Virgin Mary and his emphasis on moral theology. His commitment to pastoral care and his writings have made a profound impact on the Church, particularly in the area of conscience. He founded the Redemptorist congregation to promote spiritual renewal and assist the poor in rural areas.","St. Alphonsus was also a talented musician and composer, writing hymns still sung in Catholic liturgy today."
"St. Wolfgang","October 31","He is known for his role in the Christianization of the region of Bavaria and for founding several monasteries.","brewers, woodcarvers, and the Diocese of Regensburg","","Bavaria, Germany","Male","compassionate; dedicated; wise; humble; passionate","The Lord has given me a true friendship.; In every act of love, we find God.; We should trust in God's mercy, which is endless.","","","d. 994","St. Wolfgang was a Benedictine monk and the Bishop of Regensburg known for his missionary work in Bavaria. He dedicated his life to spreading Christianity and educating the people in his diocese. His legacy includes various churches and abbeys established in his honor throughout the region.","St. Wolfgang is often depicted in art with a knife, symbolizing a famous legend where he carved a wooden statue of a saint."
"St. All Saints","November 1","Honoring all saints, known and unknown, who have attained heaven.","All Saints, Heaven, Holiness","","Universal","Male","devout; inspirational; compassionate; humble; resilient","The saints are the people who provide us a glimpse into heaven.; To be a saint is to be a light to the world.; In every saint, God's love is reflected.","","","d. 1st Century","St. All Saints represents the collective holiness of all those who have responded to God's call. Celebrated on November 1, this feast day invites the faithful to recognize the saints' examples and intercessions in their lives. It serves as a reminder of the hope of eternal life with God, encouraging believers to strive for holiness.","The feast of All Saints was established in the early centuries of the Church to celebrate the saints who do not have their own feast days."
"St. All Souls","November 2","Honoring the souls of the faithful departed.","the deceased","","Universal","Male","compassionate; reflective; reverent; hopeful; soulful","Eternal rest grant unto them, O Lord, and let perpetual light shine upon them.; In praying for the dead, we acknowledge our bond with them as part of the body of Christ.; To die in grace is to die in love, blending our souls into the eternal embrace of God.","","","d. 1st Century","St. All Souls is commemorated on November 2, recognized within the Church for interceding on behalf of those who have died. The day serves as a time to pray for the souls in purgatory, reflecting on the belief in communion with the dead. Through prayers and remembrances, the faithful seek to help these souls attain eternal rest in Heaven.","November 2 is also known as the Day of the Dead in some cultures, celebrating the memory of loved ones who have passed."
"St. Leonard of Noblac","November 6","St. Leonard is known for his dedication to the monastic life and for his work in freeing captives.","prisoners, horses, imprisoned people","","France","Male","compassionate; humble; dedicated; wise; nurturing","Pray with confidence, and you will be heard.; A loving heart is the truest wisdom.; True humility is freedom from the self.","","","d. 559","St. Leonard of Noblac was a hermit and one of the most popular saints in medieval Europe, known for his pious life and dedication to God. He is particularly celebrated for his compassion towards prisoners and is often invoked for their protection. His numerous miracles and acts of kindness inspired many, leading to his veneration across the Christian world.","St. Leonard is often depicted in art with a captive in chains, symbolizing his role as a patron of prisoners."
"St. Willibrord","November 7","Known as the apostle of the Frisians, he was instrumental in spreading Christianity in the region of what is now the Netherlands.","Luxembourg, Netherlands, Friesland","","England","Male","devout; charismatic; resilient; missionary; compassionate","The glory of God is the human person fully alive.; To love God is something greater than to know Him.; If you take care of your soul, your soul will take care of you.","","","658-739","St. Willibrord was a Benedictine monk from England who became a missionary in the continental Europe during the early Middle Ages. He founded several churches and established the diocese of Utrecht, becoming its first bishop. His dedicated work in evangelizing the Frisians earned him the title of a revered saint in both local and broader Christian contexts.","St. Willibrord's feast day is also celebrated as the beginning of the winter season in some regions of Europe."
"St. Benignus","November 9","He is known for his missionary work and dedication to spreading Christianity in Ireland.","Ireland","","Ireland","Male","devout; charismatic; compassionate; dedicated; inspiring","The path to holiness is paved with humility and patience.; The strength of a nation derives from the integrity of the home.; Walk in the light of faith and all shadows will disappear.","","","d. 450","St. Benignus was a devoted companion of St. Patrick and played a significant role in the establishment of the Christian faith in Ireland. He is often remembered for his zeal in spreading the Gospel and his commitment to the teachings of Christ. His life serves as an inspiration for those dedicated to missionary work and evangelization.","St. Benignus is often depicted with a crozier, symbolizing his role as a bishop and shepherd of his flock."
"St. Lawrence O'Toole","November 14","He is known for his dedication to reforming the Church and his efforts to promote peace in Ireland during a turbulent period.","Ireland, Dublin, peacemakers","","Ireland","Male","compassionate; humble; resilient; peaceful; wise","Our Lord, instruct me; teach me your paths.; The saints are the crown of creation, for they have followed the path of righteousness.; May we, like St. Lawrence, remain steadfast in faith amidst adversity.","","","d. 1180","St. Lawrence O'Toole was the Archbishop of Dublin and a prominent figure in the Irish Church during the 12th century. He worked tirelessly to build bridges between the English and the Irish, promoting harmony while advocating for the rights of his people. His legacy is celebrated through his commitment to both faith and peace, making him a beloved figure in Irish history.","Despite his position, St. Lawrence often lived in simplicity and humility, sometimes even wearing the hermit's habit."
"St. Agnes of Assisi","November 19","Founding the Poor Clares and following in the footsteps of her sister, St. Clare.","young women, peace, and the Poor Clares","","Italy","Female","compassionate; devout; humble; resolute; gentle","In our actions, let it be known that we are servants of the Lord.; Simplicity and humility are the wisest forms of wisdom.; True peace comes from within, not from the world around us.","","","d. 1253","St. Agnes of Assisi was a devoted follower of St. Clare and dedicated her life to the Franciscan way of living. She founded the Poor Clares in Italy, emphasizing a life of poverty and humility. Her commitment to Christ and the values of the Gospel inspired many to embrace the religious life and pursue a closer relationship with God.","Unlike many saints, St. Agnes is often depicted holding a lily, symbolizing her purity, rather than in the traditional garb of a nun."
"St. Andrew Dung-Lac","November 24","A Vietnamese martyr who courageously defended his faith during a time of persecution.","Vietnam, catechists, martyrs","","Vietnam","Male","brave; compassionate; determined; faithful; inspirational","The strongest weapon is the one that comes from the heart.; Faith is the light that guides us through darkness.; In suffering, I find my true purpose.","","","1795-1839","St. Andrew Dung-Lac was a Vietnamese priest who played a crucial role in the evangelization of Vietnam during the hostile period of the 19th century. He was martyred for his faith along with many companions who suffered greatly for their commitment to Christianity. His steadfastness inspires countless Catholics, reminding them of the power of faith amidst adversity.","St. Andrew Dung-Lac was known to have encouraged others to remain faithful even in the face of severe torture."
"St. John Berchmans","November 26","Known for his deep spirituality and commitment to Jesuit ideals."," altar servers, students, youth","","Belgium","Male","pious; disciplined; devout; humble; intellectual","The greatest happiness is to be in the presence of God.; To serve God in the lowliest of tasks is a true vocation.; Act according to your vocation, and the rest will follow.","","","1599-1621","St. John Berchmans was a Belgian Jesuit who dedicated his short life to the service of God and his fellow man. He is remembered for his piety and dedication to learning, earning him the esteem of many during his lifetime. His example continues to inspire young people, especially students and altar servers, to live with integrity and devotion.","Despite his young age at the time of his death, John was noted for his remarkable calmness and discipline."
"St. Saturninus","November 29","He is known for being one of the early bishops of Toulouse and a martyr for the faith.","Toulouse, France, vicarious suffering","","Toulouse, France","Male","devout; courageous; compassionate; visionary; inspiring","The power of Christ compels me to speak the truth.; In the face of adversity, faith shines the brightest.; For those who believe, no sacrifice is too great.","","","d. 257","St. Saturninus was a prominent early Christian leader in Toulouse, known for his unwavering faith during a time of great persecution. According to tradition, he was martyred for refusing to renounce Christianity, highlighting his dedication to God. His legacy has continued to inspire many believers throughout the centuries.","St. Saturninus is often depicted with a bull, symbolizing his martyrdom, as he was said to have been tied to one and dragged to his death."
"St. Bibiana","December 2","She is known for her fortitude and martyrdom during the persecution of Christians in Rome.","difficult marriages, mentally ill, living in peace","","Rome","Female","brave; devoted; compassionate; steadfast; inspiring","The soul of our faith is love.; Courage is not the absence of fear, but the triumph over it.; To die for your faith is the greatest honor.","","","d. 363","St. Bibiana was a young Roman noblewoman who remained steadfast in her faith despite brutal persecution. After her family's martyrdom, she was arrested for refusing to renounce Christianity and was subjected to various tortures. Ultimately, Bibiana's dedication to her faith led to her martyrdom, and she became a symbol of resilience and hope for believers.","Her feast day is celebrated on the same day as her sister, St. Demetria, who was also martyred."
"St. Nicholas of Myra","December 5","He is renowned for his acts of charity and generosity towards the poor and for performing miracles.","children, sailors, merchants, pawnbrokers, students","","Turkey","Male","generous; compassionate; kind-hearted; humble; wise","It is better to give than to receive.; What we have is not ours; we are merely stewards of God's gifts.; You can’t get what you want unless you want something for someone else.","","","d. 343","St. Nicholas of Myra was a 4th-century bishop known for his secret gift-giving, which laid the groundwork for the modern Santa Claus tradition. His life was marked by compassion, especially towards children and the less fortunate. He became famous for several miracles attributed to him, including saving sailors and providing dowries for poor girls.","St. Nicholas is one of the most popular saints in Christianity, with over 2,000 churches worldwide named in his honor."
"St. Eulalia","December 10","A martyr known for her bravery and commitment to her faith during persecution in early Christianity.","suffering, torture victims, snow, wax, and the deaf","","Spain","Female","brave; resilient; innocent; determined; faithful","The soul cannot be captivated when it stands by the truth.; In faith, I find strength to overcome all adversities.; True bravery lies in standing firm for one’s convictions.","","","d. 304","St. Eulalia is revered for her steadfastness during the Diocletian persecution. At a young age, she boldly confronted the Roman authorities in defense of her Christian beliefs. Her unwavering spirit ultimately led to her martyrdom, inspiring many to uphold their faith against adversity.","St. Eulalia is often depicted with a lamb, symbolizing her innocence in the face of persecution."
"St. Damasus I","December 11","Known for his efforts to promote the primacy of the Roman See.","archaeologists, translators","","Rome, Italy","Male","devout; scholarly; leading; influential; determined","It is not without reason that I call you, to bear witness with me, certain of the most blessed martyrs.; The Church is founded on the rock of the apostolic faith.; The glory of God is the perfection of man.","","","d. 384","St. Damasus I served as Pope from 366 to 384 and was instrumental in defining the role of the papacy in the early Church. He advocated for the support of Christian literature and was dedicated to the preservation of the writings of early Church Fathers. His influence contributed significantly to the establishment of the Church's authority and unity during a tumultuous time.","St. Damasus I was a great admirer of St. Jerome, commissioning him to produce a new Latin translation of the Bible known as the Vulgate."
"Our Lady of Guadalupe","December 12","A prominent figure in Catholicism, she is known for her miraculous appearance to St. Juan Diego in Mexico.","Mexico, the Americas, unborn children","","Mexico","Female","compassionate; protective; nurturing; symbolic; unifying","I am your mother, and I desire that you go and tell all that I will do for them.; My love for you is greater than that of a mother for her child.; Let not your heart be troubled; do not fear.","","","d. 1531","Our Lady of Guadalupe is a significant figure in Catholic faith, celebrated for her apparitions to the indigenous Juan Diego in 1531. Her image, which appeared on his cloak, became a symbol of faith and unity for the Mexican people and beyond. She is revered as the Mother of the Americas, promoting love, compassion, and respect for life.","Her feast day is one of the most celebrated in the Catholic Church, drawing millions to her shrine each year."
"St. Cuan","December 15","Known for his piety and dedication to the Christian faith in early Ireland.","Ireland","","Ireland","Male","devout; compassionate; wise;  humilde; inspiring","Faith is a shield against life's storms.; Love is the greatest commandment.; In prayer, we find the strength to endure.","","","d. 600","St. Cuan, a revered figure in early Irish Christianity, was noted for his incredible faith and commitment to God. He is often associated with the spread of Christianity in Ireland, inspiring many through his teachings and holy life. His legacy continues to influence the spiritual landscape of Ireland today.","St. Cuan is often depicted with a raven, symbolizing his connection to both nature and mystical insights."
"St. Adelaide","December 16","Queen of the Germans and protector of the Church.","difficult marriages, abuse victims, the homeless","","Italy","Female","courageous; compassionate; determined; wise; noble","The spirit of the Lord will rest upon him.; Trust in the Lord and do good.; He who walks with the wise grows wise.","","","931-999","St. Adelaide was a noblewoman who enriched the Church and promoted peace during turbulent times in medieval Europe. As the wife of Emperor Otto I, she played a crucial role in politics and was a strong supporter of Christian missions. Her legacy includes her dedication to the poor and her efforts in promoting the faith throughout her realm.","St. Adelaide was kidnapped twice in her life but managed to rise back to prominence each time, ultimately becoming a powerful figure in her own right."
"St. Lazarus","December 17","St. Lazarus is best known for being raised from the dead by Jesus Christ.","sick people, lepers, cancers, friends of the poor","","Bethany, near Jerusalem","Male","compassionate; faithful; hopeful; gentle; humble","Lord, if you had been here, my brother would not have died.; Jesus wept.; I am the resurrection and the life.","","","1st Century","St. Lazarus, a close friend of Jesus, is famously remembered for his miraculous resurrection from the dead after four days. His story, found in the Gospel of John, illustrates the power of faith and the promise of eternal life. After his resurrection, he became a prominent figure in the early Christian community, symbolizing hope and renewal.","Lazarus is sometimes considered the first example of a person raised from death to life in Christian theology."
"St. Flannan","December 18","Bishop of Killaloe and known for his piety and dedication to the Christian faith.","Ireland, Diocese of Killaloe, clergy","","Ireland","Male","devout; compassionate; wisdom-filled; charismatic; humble","The greatest wealth is to live content with little.; Faith is the light that guides us through the darkest of valleys.; In serving others, we find our true calling.","","","d. 1056","St. Flannan was a revered bishop in Ireland who played a significant role in the spread of Christianity in the region. He is remembered for his deep spirituality and commitment to his flock, leading many to follow the Christian path. His influence extended beyond his lifetime, shaping the religious landscape of Ireland.","St. Flannan is often depicted with a bell, symbolizing his role in calling people to prayer."
"St. Nemesius","December 19","He is known for his contributions to early Christian theology and his defense of the faith against heresies.","theologians, scholars","","Asia Minor","Male","thoughtful; wise; dedicated; compassionate; courageous","Faith is the light that illuminates the path of truth.; Let not the trials of this world shake the steadfast heart.; Wisdom lies in knowing that we are never alone in our struggles.","","","d. 405","St. Nemesius was an influential bishop from the early Christian period who played a vital role in the theological debates of his time. Renowned for his writings, he sought to clarify the divine nature of Christ and the Holy Spirit. His legacy continues to inspire scholars and theologians striving for truth in their faith.","He is often considered one of the earliest proponents of Christian philosophy in the Eastern Church."
"St. Dominic of Silos","December 20","He is known for his deep dedication to prayer and monastic life in the service of God.","farmers, cattle, the sick, and prisoners","","Spain","Male","humble; devout; resolute; compassionate; dedicated","Pray, hope, and don't worry.; Without prayer, nothing is gained.; It is better to be a Christian than to be a saint.","","","d. 1073","St. Dominic of Silos was a Benedictine monk who lived in the 11th century in Spain. He played a significant role in reforming his monastery and was renowned for his piety and dedication to the Lord. His life exemplifies the virtues of humility and steadfast faith amidst challenges.","St. Dominic of Silos is often depicted with a cow and a bell, symbolizing his patronage over cattle."
"St. Chaeremon","December 22","He is known for his steadfast faith during the persecution of Christians in Egypt.","persecuted Christians, Egypt","","Egypt","Male","courageous; devout; resilient; compassionate; humble","The blood of martyrs is the seed of Christians.; In steadfastness, we find our strength.; Courage is the grace to face trials with faith.","","","d. 250","St. Chaeremon was a bishop in Egypt during a turbulent time for Christians. He courageously faced persecution and martyrdom rather than renounce his faith. His legacy inspires many to stand firm in their convictions amidst adversity.","St. Chaeremon is revered as one of the early martyrs for the faith, and his story has been preserved through various early Christian writings."
"St. John of Kanty","December 23","A noted scholar and theologian known for his piety and dedication to education.","students, Poland, universities","","Poland","Male","humble; wise; compassionate; teaching; dedicated","The greatest gift one can give is to serve others.; Live simply, that others may simply live.; Let your light shine before others, that they may see your good deeds.","","","1390-1473","St. John of Kanty was a Polish priest and scholar who dedicated his life to teaching and guiding students in their spiritual and academic pursuits. Known for his humility and kindness, he spent many years at the University of Kraków, where he inspired countless young minds. His legacy continues to influence educators and students alike in their quest for knowledge and virtue.","St. John famously remarked that he would gladly give his last penny to help a poor student."
"St. Adam","December 24","Known as the first man created by God, symbolizing humanity's beginnings.","mankind, human race, and the state of innocence","","Garden of Eden","Male","innocent; symbolic; archaic; mythical; fundamental","But of the tree of the knowledge of good and evil, thou shalt not eat of it: for in the day that thou eatest thereof thou shalt surely die.; I am of the earth, and made of dust, yet my soul was breathed into me by God's own hand.; In the beginning, God created the heavens and the earth, and from the dust of the earth, I was formed.","","","d. 300","St. Adam, celebrated on December 24, is revered as the first man according to the Judeo-Christian tradition. His creation narrative plays a pivotal role in theology, illustrating the relationship between God and humanity. In many Christian teachings, St. Adam represents the original innocence of man before the Fall.","St. Adam's feast day falls on the eve of Christmas, linking him to the themes of creation and redemption."
"St. Aetherius","December 25","St. Aetherius is recognized as a martyr of the early Church.","martyrs","","Asia Minor","Male","devout; courageous; inspirational; resilient; compassionate","Faith is the substance of things hoped for, the evidence of things not seen.; Love knows no bounds, and in Christ, I find my strength.; To be a martyr is to bear witness to the truth in the most profound way.","","","d. 304","St. Aetherius was a devoted Christian who faced persecution during the era of Emperor Diocletian. He was known for his unwavering faith and courage in the face of death. His legacy inspires many faithful to stand firm in their beliefs despite adversity.","St. Aetherius is often associated with the tradition of celebrating the Nativity, as his feast coincides with Christmas."
"St. Thomas Becket","December 28","Martyrdom for the independence of the Church.","archers, bishops, secular clergy, holy death, and a peaceful death.","","England","Male","brave; determined; devout; charismatic; steadfast","I am ready to die for my country, but I will not betray my church.; The blood of martyrs is the seed of the church.; Whosoever will be chief among you, let him be your servant.","","","1118-1170","St. Thomas Becket was the Archbishop of Canterbury who fiercely contested the authority of King Henry II over the church. His dedication to church independence led to a dramatic confrontation resulting in his martyrdom. Today, he is remembered as a symbol of religious freedom and integrity in leadership.","St. Thomas Becket was a close friend of King Henry II before their dispute over church authority ultimately led to his murder."
"St. Sylvester","December 31","Known for being the Pope who led the Church during the first half of the 4th century.","Bulls, epilepsy, and the New Year","","Rome","Male","wise; compassionate; pious; resilient; inspirational","Faith is the entrance to the life of Christ.; In unity, there is strength.; Christ is the light that guides us through darkness.","","","d. 335","St. Sylvester was the pope who presided over the Church during a time of significant growth and transition. He is celebrated for his role in the Council of Nicaea, which addressed the Arian controversy. Pope Sylvester's leadership laid the foundation for the future of the Church in a rapidly changing world.","St. Sylvester is often associated with the New Year's Eve celebration, which directly relates to his feast day."
"St. Severinus","January 8","Known for his ascetic life and miraculous deeds as a monk and missionary in the region that is now Austria.","Austria, hermits, monks","","Austria","Male","devout; ascetic; mystical; compassionate; dedicated","To serve God is the greatest joy of life.; When you rise in the morning, let your heart be focused on God.; Pray not only in words, but in the depths of your soul.","","","d. 482","St. Severinus was a wandering monk who dedicated his life to spreading Christianity among the pagan tribes of the Danube region. He became famous for his miraculous interventions, including restoring health to the sick and boosting the harvest during famine. His legacy as a holy man has rendered him a highly revered figure in Austrian Catholic tradition.","Severinus is often depicted in art alongside a raven, which is said to have helped him by bringing him food during his solitary prayers."
"St. Head of the Holy Innocents","February 2","Known for being a martyr among the Holy Innocents massacred by King Herod.","innocent children, victims of violence","","Bethlehem, Judea","Male","innocent; pure; martyr; tragic; sacrificial","The blood of the martyrs is the seed of the Church.; Innocence lost is a tragedy we must always remember.; True strength lies in the purity of spirit, even in the face of death.","","","d. 1st Century","St. Head of the Holy Innocents represents the tragic fate of the innocents slain at the behest of Herod during his attempt to eliminate the prophesied King. While their lives were taken too soon, their martyrdom symbolizes the purity and innocence of childhood. He is commemorated on February 2nd, a day that also marks the Presentation of Jesus at the Temple.","Though not widely recognized, the Holy Innocents are acknowledged as the first martyrs of Christianity, exemplifying the innocence of children."
"St. Margaret of Cortona","February 22","Known for her life of penitence and dedication to the poor after a life of sin.","penitents, the mentally ill, and single mothers","","Italy","Female","devout; compassionate; resilient; humble; inspiring","In the depth of my sin, God's mercy found me.; True love is shown in our willingness to serve others.; Every act of charity is a step closer to God.","","","1247-1297","St. Margaret of Cortona was a 13th-century Italian saint who transformed her life from one of sin and comfort to one of deep devotion and charity after a personal tragedy. Having lost her lover, she embraced a life of penance, dedicating herself to helping the poor and living in a manner wholly devoted to God. Her legacy continues to inspire those who seek redemption and a deeper relationship with Christ.","She is often depicted holding a small dog, reflecting a story of how her pet guided others to her in times of need."
"St. Oswald of Northumbria","February 29","He is known for his efforts in spreading Christianity in Northumbria.","Northumbria, soldiers, peace","","England","Male","noble; devout; strategic; compassionate; resilient","Lord, I ask you to bless this nation and all who dwell within it.; True strength lies in our faith and unity.; A leader must always choose the path of righteousness over success.","","","605-642","St. Oswald was an influential king of Northumbria who played a crucial role in the Christianization of England. He established a strong alliance with the Irish Church, which helped to promote the faith among his people. His reign was marked by notable victories and the founding of monasteries that contributed to the spiritual growth of the region.","St. Oswald is often depicted with a cross-shaped staff, symbolizing his dedication to the spread of Christianity."
"St. Maximilian of Tebessa","March 12","Being a Christian martyr during the Roman Empire and known for his bold confession of faith.","Africa, architects, and Christian martyrs","","Algeria","Male","brave; devout; determined; inspiring; compassionate","I am a Christian, and I cannot serve the idols.; Better to face death than to deny my Savior.; True honor lies in standing firm in faith.","","","d. 295","St. Maximilian was a young Christian from Tebessa in present-day Algeria, who boldly professed his faith in the face of persecution. He was a member of a prominent family and chose martyrdom over renouncing his beliefs, ultimately executed for refusing military service against fellow Christians. His story serves as a testament to the power of conviction and the sacrifices made for the faith in its early days.","St. Maximilian's feast day is celebrated on the same day as the feast of St. Theophilus, another martyr from North Africa."
"St. Benedict the Moor","April 3","St. Benedict the Moor is celebrated for his life of humility and service to God despite facing racial discrimination.","African Americans, racial harmony","","Italy","Male","humble; dedicated; compassionate; resilient; inspiring","Preach the Gospel at all times; if necessary, use words.; He who humbles himself will be exalted.; The fruits of humility are peace and joy.","","","d. 1589","Born in Sicily, St. Benedict the Moor overcame the challenges of his mixed-race heritage to lead a life of profound faith and piety. He became a Franciscan lay brother, known for his dedication to prayer and service to the marginalized. Benedict’s example of charity and humility continues to inspire many, especially those facing prejudice.","St. Benedict is often depicted surrounded by animals, reflecting his deep compassion for all of God's creatures."
"St. Anicetus","April 17","He was a Pope in the early Christian Church known for his role in combating heresy.","pains of childbirth, the papacy","","Rome, Italy","Male","compassionate; resolute; thoughtful; unifying; devout","The blood of martyrs is the seed of the Church.; In unity, we find strength against division.; To stand firm in faith means to be rooted in love.","","","d. 166","St. Anicetus served as Pope in the 2nd century and was notably involved in addressing the challenges brought by early heresies. His papacy was marked by a strong commitment to preserving the integrity of apostolic teachings. Although not much is known about his life, he is remembered for his efforts to unify early Christians in their faith.","St. Anicetus is often celebrated for his work in fostering the growth of the Christian community during a tumultuous period of persecution."
"St. Ansbert","April 21","Ansbert is known for his role as a bishop and his dedication to monastic life.","monks, bishopric","","France","Male","dedicated; humble; wise; compassionate; spiritual","The love of God is an unchangeable source of strength.; In unity, we find our true purpose and light.; Let us serve not for our own glory, but for the greater good of all.","","","d. 743","St. Ansbert was a devoted bishop in the 8th century who dedicated his life to the spiritual well-being of his flock. He is often remembered for his strong advocacy for monastic practices and education. His legacy continues to inspire those who seek a life of faith and service within the Church.","Despite his significance, very few historical records exist detailing his life, making him a rather mysterious figure in early church history."
"St. Basil the Elder","April 26","Bishop of Caesarea known for great piety and the father of St. Basil the Great.","bakers, the ill","","Cappadocia, Turkey","Male","pious; compassionate; dedicated; humble; influential","A good shepherd lays down his life for the sheep.; Faith is the foundation of our hope.; Truth is a sword, and love is its shield.","","","d. 340","St. Basil the Elder was a revered bishop whose life was marked by deep faith and commitment to his flock. He was the father of St. Basil the Great, illustrating a spiritual legacy of strength and virtue. His dedication to the Church and its teachings had a profound impact on early Christian communities.","St. Basil the Elder is also remembered for his influence on his son, who would go on to become one of the most important theologians in Church history."
"St. Maximinus of Aix","May 29","He was the first bishop of Aix-en-Provence and played a key role in spreading Christianity in the region.","Aix-en-Provence, Provence, France","","France","Male","devout; compassionate; wise; charismatic; determined","Faith is the foundation upon which we build our lives.; True love for our neighbor comes from a heart that is filled with love for God.; In times of trial, let us always look to the goodness of the Lord.","","","d. 325","St. Maximinus of Aix is remembered as a devoted leader of the early Church in Provence, tirelessly working to convert and support his community. His efforts laid the groundwork for the growth of the Christian faith in southern France during a time of significant persecution. He is venerated not only for his ministry but also for his wisdom and guidance to his followers.","In some traditions, he is believed to have been a friend of St. Mary Magdalene and is said to have assisted her in her evangelization efforts."
"St. John of San Facundo","June 12","His dedication to the reform of the clergy and his commitment to the spiritual life.","Spanish clergy, penitents","","Spain","Male","devout; humble; ascetic; compassionate; reformative","He who has no faith has no conviction.; The greatest gift we can give to others is our love and our time.; In silence, we can hear the voice of God within us.","","","d. 1479","St. John of San Facundo was a Spanish priest known for his austere lifestyle and devotion to prayer. He founded a congregation for the reform of the clergy during a time when the Church was facing significant moral challenges. His life was marked by a commitment to humility and service, earning him veneration as a saint.","St. John was known to perform miracles of healing, often attributed to his deep faith and piety."
"St. Willibald","July 7","He is known for his missionary work and founding of several churches in Germany.","travelers, pilgrims","","England","Male","devout; adventurous; compassionate; resilient; humble","May your heart be a vessel of love and your hands a source of kindness.; In every traveler, I see a reflection of God's wandering spirit.; To journey is to embrace the divine and to discover one's soul in the landscapes of faith.","","","d. 787","St. Willibald was an English monk who set out on a pilgrimage to the Holy Land. His travels took him across Europe, where he shared the Christian faith and established monasteries. His dedication to spreading the Gospel and his commitment to the monastic life made him a revered figure in early Christianity.","St. Willibald is also remembered for being one of the early bishops of Eichstätt, where he played a crucial role in the evangelization of Bavaria."
"St. Cuthbert of Lindisfarne","July 8","He is known for his piety, miraculous deeds, and role in spreading Christianity in northern England.","dyers, stonemasons, shepherds","","Northumberland, England","Male","devout; gentle; compassionate; resilient; humble","For whom have I in heaven but you? And there is nothing on earth that I desire besides you.; Be thou my inspiration and guide.; Let us remember the poor and the marginalized, for in them we see the face of Christ.","","","634-687","St. Cuthbert was a monk and bishop in the early medieval period, revered for his dedication to monastic life and the spiritual wellbeing of his community. His life was marked by numerous miracles and a deep connection to nature, which led many to regard him as a saint shortly after his death. Cuthbert's legacy continues through the monastic traditions he established at Lindisfarne, which played a pivotal role in the spread of Christianity in Britain.","St. Cuthbert is often depicted with a figure of a wild otter, reflecting a legend that he was once helped by one while crossing a river."
"St. Lydwine of Schiedam","July 16","Known for her extraordinary suffering and mystical experiences, which inspired many to a deeper faith.","sick people, ice skaters, and the disabled","","Netherlands","Female","resilient; devout; mystical; compassionate; reflective","In sickness and suffering, I found the depths of God's love.; Every trial is a path that leads me closer to Christ.; In patience, I learned to embrace the grace of God.","","","1380-1433","St. Lydwine was a Dutch mystic who experienced a series of debilitating illnesses from a young age. Despite her intense suffering, she found solace in her faith and had numerous visions, serving as a spiritual guide for her community. Her profound journey and dedication led to her being revered as a saint and the patroness of the sick.","Lydwine was said to have been gifted with the ability to bilocate, appearing to others while remaining at her place of confinement."
"St. Nicetas of Remesiana","September 14","He was known for his evangelization efforts among the Goths and for his theological writings.","Bishops, catechists","","Roman Empire","Male","thoughtful; dedicated; courageous; intellectual; visionary","Faith is the anchor of the soul.; Love is the beginning of eternal life.; Let your life be a faithful reflection of the Gospel.","","","d. 414","St. Nicetas of Remesiana was a Bishop in the early Church who played a crucial role in spreading Christianity among the Gothic tribes. He is credited with composing various theological texts that aided the understanding of the faith in a time of great cultural upheaval. His dedication to the pastoral care of his flock and commitment to missionary work helped lay the groundwork for the future growth of the Church in Eastern Europe.","St. Nicetas is often depicted with a Gothic script, symbolizing his role in bridging cultures through his writings."
"St. Pacificus of San Severino","September 24","He is known for his deep spirituality and commitment to prayer and penance.","San Severino, Spirituality","","Italy","Male","devout; compassionate; disciplined; humble; wise","In every act of kindness, God is present.; True peace comes only from surrender to God’s will.; Our lives should reflect the love of Christ in every moment.","","","d. 1720","St. Pacificus of San Severino was an Italian Franciscan friar who dedicated his life to serving the poor and spreading the Gospel. Throughout his life, he engaged in rigorous self-discipline and promoted a deep devotion to prayer among his fellow friars. His legacy continues to inspire those who seek a life of humility and service in their communities.","St. Pacificus was known to perform miraculous healings, which garnered him a loyal following during his lifetime."
"St. Finbar","September 25","Finbar is known as the founder and patron saint of the city of Cork in Ireland.","Cork, Ireland; Scottish schools; civil engineers","","Ireland","Male","thoughtful; humble; wise; compassionate; dedicated","The lighter the heart, the heavier the grace.; True joy is found in serving others.; Let love be your guide and light your path.","","","d. 620","St. Finbar was an early Irish priest and abbot who established a monastic community in Cork. His dedication to education and the spiritual well-being of his community left a lasting legacy that is remembered in the region to this day. Many local legends surround his life, emphasizing his deep faith and miraculous deeds.","St. Finbar is often depicted with a fish, symbolizing his association with local waterways and the miracles attributed to him."
"St. Therese of Lisieux","October 3","Known for her 'Little Way' of spiritual childhood and profound love for God.","missionaries, florists, cancer patients, pilots","","France","Female","gentle; devout; cheerful; compassionate; humble","What matters in life is not great deeds, but great love.; I will spend my heaven doing good on earth.; The greatness of our actions is measured by the love with which they are performed.","","","1873-1897","St. Therese of Lisieux, also known as the Little Flower, entered the Carmelite convent at a young age and dedicated her life to God through small acts of love. Her spiritual writings, especially her autobiography 'Story of a Soul,' have inspired countless individuals to embrace simplicity in their spiritual lives. Despite her short life, she was declared a Doctor of the Church and remains one of the most beloved saints in Catholicism.","St. Therese reportedly said that after her death, she would let fall a shower of roses from heaven as a sign of her intercession."
"St. Fructuosus","October 27","He is known as a martyr who was executed during the persecution of Christians under Emperor Valerian.","merchants, bakers, vineyards","","Spain","Male","courageous; faithful; compassionate; determined; wise","The moment you give up is the moment you let someone else win.; Patience is the companion of wisdom.; Where there is love, there is faith.","","","d. 259","St. Fructuosus was a Spanish bishop in the early Church who bravely faced martyrdom alongside his deacons, Augurius and Eulogius. His steadfast faith in the face of persecution made him a symbol of courage among Christians. His legacy continues through the many churches named in his honor across Spain and beyond.","St. Fructuosus is also remembered for his connection to the popular practice of planting vines on his feast day."
"St. Edmund Rich","November 20","Known for his role as the Archbishop of Canterbury and his commitment to justice and peace.","protectors of the environment, London, school children","","England","Male","humble; wise; compassionate; determined; just","Justice consists in doing no injury to men; decency in giving them no offense.; He who wants to be a true follower of Christ must first of all be humble.; The measure of love is to love without measure.","","","d. 1240","St. Edmund Rich was a notable English archbishop renowned for his wisdom and piety. Throughout his life, he worked tirelessly for the welfare of his people, often facing adversity and opposition. His dedication to justice earned him respect and admiration, leading to his canonization shortly after his death.","Despite facing political turmoil, St. Edmund managed to maintain a strong sense of moral integrity throughout his tenure."
"St. Virgil of Salzburg","November 27","Being the Bishop of Salzburg who contributed to the spread of Christianity in the region and was known for his scholarly work.","Salzburg, Austria, missionaries, educators","","Salzburg, Austria","Male","wisdom; compassion; dedicated; scholarly; humble","Faith is the compass that guides us through the storms of life.; Knowledge without faith is but a hollow vessel.; To serve is to love; to love is to be truly human.","","","d. 784","St. Virgil was a learned monk who served as Bishop of Salzburg during the 8th century. He played a crucial role in the establishment of the church in Bavaria and was instrumental in the evangelization of the surrounding areas. A man of deep faith and intellect, he is remembered for his dedication to both education and pastoral care.","St. Virgil was known to have prophetic visions, which some believe helped guide his leadership as bishop."
"St. Romanus of Condat","February 28","He is known for founding the Abbey of Condat and promoting a life of prayer and asceticism among monks.","defenders against disease, hermits, those in religious life","","","","humility; faith; dedication; peacefulness; wisdom","It is in solitude that we can truly discover God's presence.; Prayer is the breath of the soul and the strength of the spirit.; The humble heart is a close dwelling for God.","","","d. 460 AD","St. Romanus of Condat was a revered hermit and abbot known for his commitment to monastic life in the wilderness of modern-day France. He founded the Abbey of Condat, where he emphasized the virtues of prayer, community, and asceticism, leading many souls to a deeper relationship with God. His life exemplified humility, faithfulness, and devotion, inspiring generations of monks and laypeople alike.","Did you know? St. Romanus was so dedicated to his life of solitude that he often spent extended periods in silence and prayer, influencing the eremitical tradition in the region."
"St. Medard","June 8","He is known for his role as a bishop and protector against storms, particularly in the region of Picardy, France.","farmers, the weather, the poor, and those suffering from storms","","","","compassionate; wise; devout","Faith is the light that guides us through the darkest storms.; Let your charity be as boundless as the sky and as gracious as the rain.; In every challenge, we find an opportunity to grow closer to God.","","","d. 545 AD","St. Medard was a 6th-century bishop known for his piety and dedication to God. He became famous as a protector against storms and was often sought for his intercessions for good weather. His charitable work and commitment to the spiritual welfare of his people made him a beloved figure in the Church.","Did you know? St. Medard is often depicted in art holding a goose, which symbolizes his connection to the weather, as he is said to have been born during a storm."
"St. Martial","June 30","He is known for being one of the first bishops of Limoges and for his role in establishing and spreading Christianity in the region.","limousin, Saint Martial diocese","","","","courage; devotion; leadership; compassion","Faith is the light that guides us through the darkness of doubt.; In the face of adversity, let us remain steadfast in our love for Christ.; True strength lies in our ability to forgive and to love despite challenges.","","","d. 300 AD","St. Martial was a bishop in Limoges who played a significant role in the spread of Christianity in the region of Aquitaine during the 3rd century. He is recognized for his unwavering faith and dedication to preaching the Gospel, despite facing persecution and hardship. His legacy of leadership and commitment to God’s work continues to inspire many believers.","Did you know? St. Martial is often regarded as one of the first bishops of Limoges and is celebrated as the founder of the diocese there."
"St. Frederick","July 18","St. Frederick is known for his foundational role in monasticism and his contributions to community-building among early Christians.","workers, builders, architects","","","","humility; faith; compassion; wisdom","Let us not seek to be better than others, but strive to be better than we were yesterday.; In silence, we find the strength to hear God's calling.; To serve is to find the truest joy in life.","","","d. 732 AD","St. Frederick was a revered hermit and abbot in the early Christian church, known for his devout life and dedication to God. He led a community of monks, emphasizing the importance of prayer, humility, and communal living as a path to holiness. His virtuous life and commitment to serving others made him a beloved figure among those who sought inspiration in the monastic tradition.","Did you know? St. Frederick is often depicted with a model of a church, symbolizing his patronage of builders and architects."
"St. Afra","August 5","She is known for her steadfast faith and martyrdom during the early Christian persecutions.","prostitutes, penitents, reformed sinners","","","","compassion; bravery; faith; redemption","Faith is the bird that feels the light and sings when the dawn is still dark.; True love can never be found where it does not exist, nor can it be denied where it does.; Courage is not the absence of fear, but the triumph over it.","","","d. 304 AD","St. Afra was a Christian martyr who lived in the early centuries of Christianity. She is believed to have converted to Christianity despite the pressures of her former life and served as a symbol of redemption. Her unwavering faith and commitment to her newfound beliefs ultimately led to her martyrdom as she faced persecution for her convictions.","Did you know? St. Afra is often invoked by those seeking to overcome sin and lead a redeemed life."
"St. Symphorian","August 22","St. Symphorian is known for his unwavering faith in the face of persecution and his inspirational martyrdom.","prisoners, martyrs, young people","","","","courage; faith; perseverance","The glory of God is man fully alive.; When faced with trials, our faith must shine brighter.; Martyrdom is not the end but the beginning of eternal life.","","","d. 180 AD","St. Symphorian was a young Christian martyr from the second century, who remained steadfast in his faith despite persecution. He was arrested and ultimately executed for refusing to renounce his beliefs. His bravery and commitment to Christ inspire many to embrace their faith with courage and conviction.","Did you know? St. Symphorian's martyrdom is believed to have taken place in the city of Autun, France, where he is venerated as a patron saint."
"St. Sabina","August 29","St. Sabina is known for her martyrdom and her unwavering faith in the face of persecution.","mothers, widows, martyrs","","","","courage; faith; compassion","The glory of God is the living man, and the life of man is the vision of God.; In whatever you do, let it be done with love.; Faith is not the belief that God will do what you want; it is the belief that God will do what is right.","","","d. 123 AD","St. Sabina was a noble Roman woman who embraced Christianity and was martyred for her faith. She is celebrated for her steadfastness in belief, especially during the persecutions against Christians. Her virtues of courage and faith have inspired many in their spiritual journeys.","Did you know? St. Sabina was said to have been suffocated to death under a pile of brushwood, symbolizing the purity and strength of her spirit in the face of persecution."
"St. Pammachius","August 30","St. Pammachius is known for being a dedicated Christian martyr and an advocate for the needy during the early days of Christianity.","the sick, the poor, the dying","","","","charity; courage; compassion","The blood of martyrs is the seed of the Church.; To give alms is to be truly charitable.; The strength of a Christian lies in love and faith.","","","d. 409 AD","St. Pammachius was a prominent Roman noble who became a Christian martyr during the persecution of Christians in the early church. Known for his unwavering faith and commitment to aiding the poor and sick, he was a close confidante of St. Jerome, who praised his virtues and dedication to the faith. He ultimately died for his beliefs, leaving behind a legacy of charity and devotion that continues to inspire the faithful.","Did you know? St. Pammachius was instrumental in the establishment of Christian charity organizations, providing resources and aid to those in need during a time of great persecution."
"St. Adrian","September 8","He is known for his martyrdom during the persecutions of Christians under Emperor Maximilian.","dyers, soldiers, against pestilence","","","","courage; devotion; leadership","The greatest weapon against stress is our ability to choose one thought over another.; Faith is taking the first step even when you don’t see the whole staircase.; Courage is not having the strength to go on; it is going on when you don’t have the strength.","","","d. 303 AD","St. Adrian was a prominent figure during the early Christian period, known for his unwavering faith and strong leadership as a devout Christian. He worked fervently to uphold Christian teachings, often placing himself in danger for the sake of his beliefs. His martyrdom is celebrated as a testament to his dedication to Christ and his role in inspiring others to live virtuous lives.","Did you know? St. Adrian is often depicted holding a sword, symbolizing his bravery and commitment to defending the Christian faith."
"St. Gelasius I","November 21","St. Gelasius I is known for his significant contributions to the doctrine and governance of the early Church.","priests, popes, the city of Rome","","","","wisdom; leadership; compassion","What you are is God's gift to you; what you become is your gift to God.; Do not let your hearts be troubled. Trust in God; trust also in me.; The church is like a great ship that, no matter how rough the seas, will always reach its destination.","","","d. 496 AD","St. Gelasius I served as Pope from 492 until his death in 496. He is recognized for his leadership during a time of political turmoil and for his efforts in defining the relationship between Church and State. His teaching emphasized the importance of unity and purity of faith among Christians.","Did you know? St. Gelasius I was the first pope to write extensively about the separation of church and state in a letter to Emperor Anastasius I."
"St. Eutychian","December 8","St. Eutychian is known for his leadership as Pope and his martyrdom during the early Christian persecutions.","Christian communities, the preservation of the faith","","","","dedication; courage; wisdom","Faith is the assurance of things hoped for, the conviction of things not seen.; Let your actions reflect your heart’s true faith.; In unity, we find strength.","","","d. 283 AD","St. Eutychian served as the Pope in the 2nd century, leading the Church through a time of trial and growth. He is remembered for his unwavering commitment to the duties of his office and for nurturing the faith of the early Christians. His martyrdom is seen as a testament to his deep faith and dedication to Christ.","Did you know? St. Eutychian is often associated with the restoration of the Roman catacombs, which served as sacred grounds for early Christians."
"St. Trophimus","December 29","He is primarily known for his role as a martyr and a companion to St. Paul in the early Church.","travelers, the sick, soldiers","","","","courage; compassion; faith","Faith is the anchor of the soul, firm and secure.; In every trial, my heart finds peace in Christ.; Let love be your greatest gift to others.","","","d. 100 AD","St. Trophimus is known as a companion of St. Paul, having served as a supporter in his ministry during the early Christian church. A devoted and tireless worker in spreading the Gospel, he was eventually martyred for his faith, exemplifying courage and conviction. His unwavering dedication to Christ and his compassion for the marginalized have made him a revered figure in the Catholic Church.","Did you know? St. Trophimus was believed to have been one of the first converts in Asia Minor, playing a crucial role in establishing the Christian faith in that region."
"St. Egwin","December 30","He is known for founding the Abbey of Evesham and fostering monastic life in England.","Birmingham, England, monasteries, the alcoholic","","","","humility; perseverance; faith; wisdom","True love is not a feeling of great excitement, but a love that is steadfast and persevering.; Through prayer, we find strength; through humility, we find wisdom.; Let us seek first the kingdom of God, and all else will follow.","","","d. 717 AD","St. Egwin was a bishop of East Anglia in the 7th century known for his deep piety and commitment to monastic life. After leading a dedicated life, he established the monastery of Evesham, which became prominent in the region. His virtues of humility and service earned him a lasting legacy as a guiding light for many in their faith.","Did you know? St. Egwin's monastery was renowned for its strict adherence to the Rule of St. Benedict, which helped to shape monastic life in England."
"St. Mother Teresa","September 5","Founder of the Missionaries of Charity, dedicated to serving the 'poorest of the poor'.","World Youth Day, Missionaries of Charity","1910-1997","North Macedonia/India","Female","charity; humility; compassion; service; faithfulness","Not all of us can do great things. But we can do small things with great love.; If you judge people, you have no time to love them.","St. Mother Teresa","","1910-1997","St. Teresa of Calcutta was an Albanian-Indian Roman Catholic nun and missionary. She founded the Missionaries of Charity, a religious congregation which grew to have thousands of members in over 130 countries. She received the Nobel Peace Prize in 1979 and was world-renowned for her humble service to those dying in the streets of Calcutta.","Despite her public visibility, she experienced a 'dark night of the soul' for many years, feeling a persistent spiritual emptiness while remaining perfectly faithful."
"St. Seraphim of Sarov","January 2","One of the most beloved Russian mystics, known for his joy and hospitality to all.","nature, joy, peace","1754-1833","Russia","Male","joy; humility; kindness; mysticism; peace","My joy, I pray you, acquire a peaceful spirit, and then thousands around you will be saved.","St. Seraphim of Sarov","","1754-1833","Seraphim lived as a hermit in the forest for 25 years. He spent a thousand nights standing on a rock in prayer. Later, he opened his door to pilgrims, greeting everyone with the words 'My joy, Christ is risen!' He emphasized the 'acquisition of the Holy Spirit' as the goal of the Christian life.","He was often seen feeding a giant wild bear from his hand in the forest."
"St. Paisios of Mount Athos","July 12","A modern Athonite elder known for his profound spiritual wisdom and prophecies.","radio operators, signaling corps","1924-1994","Greece","Male","wisdom; humility; charity; insight; patience","God is the only one who can fill the void in a person's life.; Spiritual progress requires humility and love.","St. Paisios of Mount Athos","","1924-1994","Paisios was an Athonite monk who became world-famous in his later years. Thousands of people flocked to his small cell on Mount Athos for advice. He was known for his extreme asceticism, his sense of humor, and his ability to see the spiritual root of people's modern psychological struggles.","He was an expert in spiritual 'philotimo'—a Greek word he used to describe a selfless, generous, and noble orientation of the heart."
"St. Gregory Palamas","November 14","Archbishop of Thessaloniki and defender of Hesychasm (the practice of silent prayer).","Hesychasm","1296-1359","Constantinople/Greece","Male","mysticism; theology; intellect; contemplation; fortitude","God is called 'Light', not according to His essence, but according to His energy.","St. Gregory Palamas","","1296-1359","A monk of Mount Athos, Gregory defended the traditional Orthodox understanding that humans can truly experience God's 'uncreated energies' through prayer, even though His 'essence' remains unknowable.","He is so highly regarded that the second Sunday of Great Lent in the Orthodox Church is dedicated to his memory."
"St. Pachomius","May 9","The founder of 'cenobitic' (community) monasticism.","monastic communities","c. 292-348","Egypt","Male","leadership; discipline; humility; visionary; service","True virtue consists in doing God's will with a joyful heart.","St. Pachomius","","c. 292-348","A former Roman soldier, Pachomius sought a way for monks to live together in community rather than as hermits. He wrote the first monastic Rule, emphasizing obedience, labor, and mutual support.","He is said to have been taught how to organize the monks by an angel, who gave him a tablet with the community's rule engraved on it."
"St. Sergius of Radonezh","September 25","The greatest spiritual leader of medieval Russia and founder of the Trinity Lavra.","Russia, students","c. 1314-1392","Russia","Male","humility; peacemaking; piety; leadership; simplicity","Love God and love one another.","St. Sergius of Radonezh","","c. 1314-1392","Sergius was a humble monk who revitalized Russian monasticism. He was known for his extreme poverty, his love for work, and his ability to reconcile quarreling princes, helping to unite Russia during the Mongol yoke.","He reportedly spoke to a bear in the woods, which became a frequent visitor and friend to the humble hermit."
"St. Louis de Montfort","April 28","Promoter of the Rosary and 'True Devotion to Mary'.","preachers","1673-1716","France","Male","zeal; devotion; piety; preaching; humility","To Jesus through Mary.; Totus Tuus.","St. Louis de Montfort","","1673-1716","Louis was a tireless missionary who traveled across western France, preaching the Gospel and the Rosary. He founded the Company of Mary and the Daughters of Wisdom and wrote the classic 'True Devotion to the Blessed Virgin'.","His motto 'Totus Tuus' was later adopted by Pope John Paul II as his papal motto."
"St. Margaret of Antioch","July 20","A virgin martyr who reportedly defeated a dragon through the sign of the cross.","expectant mothers, childbirth, peasants","c. 289-304","Turkey","Female","courage; purity; faithfulness; determination; piety","My faith in Christ is my strength.","St. Margaret of Antioch","","c. 289-304","Margaret was disowned by her father for her conversion. She was tortured and imprisoned, and according to legend, she was swallowed by a dragon in her cell but emerged unharmed when the cross she held caused the dragon to burst open.","She was also one of the voices that spoke to St. Joan of Arc."
"St. Anastasia","December 25","A Roman martyr who was known for visiting and caring for imprisoned Christians.","healers, weavers, widows, martyrs","d. c. 304","Rome","Female","charity; compassion; courage; service; piety","Christ is my hope.","St. Anastasia","","d. c. 304","Anastasia was the daughter of a pagan father and a Christian mother. She spent her life and fortune ministering to those suffering in prison for their faith. She was finally martyred by being burned at the stake during the Diocletian persecution.","In the Roman Rite, she is the only saint, besides the Virgin Mary, to have a special commemoration in the liturgy of Christmas Day (at the second Mass, 'at dawn')."
"St. Ursula","October 21","A legendary British princess who traveled across Europe with 11,000 virgins and was martyred by the Huns.","students, orphans, teachers, good marriage","4th or 5th century","Britain/Germany","Female","leadership; loyalty; faithfulness; courage; purity","We follow the King of Kings.","St. Ursula","","d. 4th/5th century","Ursula's story is one of the most famous legends of the Middle Ages. She led a group of young women on a pilgrimage to Rome. On their return trip, they were intercepted at Cologne by the Huns, who martyred them when they refused to renounce their faith or marry the Hun army.","The Order of St. Ursula (Ursulines), the first teaching order for women, was named in her honor."
"St. Dominic Savio","May 6","A young pupil of St. John Bosco who achieved great holiness at a very early age.","choirboys, juveniles, falsely accused people","1842-1857","Italy","Male","purity; joy; piety; obedience; innocence","Death but not sin!; I am not alone; I have my Angel Guardian with me.","St. Dominic Savio","","1842-1857","Dominic joined Don Bosco's oratory at age 12. He was known for his extraordinary maturity, his peacemaking among other boys, and his intense devotion to the Eucharist. He died of pleurisy at age 14, becoming the youngest non-martyr to be canonized.","His teacher, Don Bosco, was so impressed by him that he wrote the boy's biography, which became a spiritual classic."
"St. Maria Mazzarello","May 13","Co-founder of the Salesian Sisters (Daughters of Mary Help of Christians).","Salesian Sisters","1837-1881","Italy","Female","humility; joy; service; education; leadership","Be cheerful at all times.; Work with love and for love.","St. Maria Mazzarello","","1837-1881","Maria was a hardworking peasant girl who, after surviving typhus, founded a workshop to teach needlework to young girls and provide them with a Christian education. She teamed up with Don Bosco to form a women's branch of his Salesian mission.","She was known for her incredible endurance and work ethic, often working in the fields all day and spending the nights in prayer or sewing."
"St. Mariam Baouardy","August 25","A Palestinian Carmelite mystic known as 'The Little Arab' who received the stigmata and visions.","Palestinians","1846-1878","Palestine","Female","mysticism; humility; simplicity; devotion; piety","Holy Spirit, inspire me; Love of God, consume me.","St. Mariam Baouardy","","1846-1878","Also known as St. Mary of Jesus Crucified, she was a barely literate peasant girl from I'billin. She founded the Carmelite convent in Bethlehem and was known for her extraordinary spiritual gifts, including levitation and deep mystical insight.","She was once left for dead after a man slashed her throat when she refused to convert to Islam, but she claimed she was healed by a 'nun in blue' (the Virgin Mary)."
"St. John Neumann","January 5","A missionary from Bohemia who became the fourth Bishop of Philadelphia and founded the first diocesan school system in the US.","sick children, immigrants","1811-1860","Czechia/USA","Male","education; humility; leadership; zeal; service","Everyone who breathes is my neighbor.","St. John Neumann","","1811-1860","Neumann came to America with only one suit and $1 in his pocket. He was a tireless worker who learned eight languages to serve the diverse immigrant populations of New York and Pennsylvania. He established over 100 schools during his short time as bishop.","He was so physically small (only 5'2"") that children in Philadelphia affectionately called him their 'Little Bishop'."
"St. Miguel Pro","November 23","A Jesuit priest and martyr who used disguises to secretly minister to Catholics during the Mexican persecution.","Mexico","1891-1927","Mexico","Male","courage; humor; zeal; sacrifice; creativity","¡Viva Cristo Rey!; May God have mercy on you.","St. Miguel Pro","","1891-1927","Fr. Pro was a joyful and witty priest who returned to Mexico when the Church was underground. He used various disguises—mechanic, dandy, laborer—to evade the police while bringing the Sacraments to the people. He was falsely accused of an assassination attempt and executed by firing squad without a trial.","The government invited photographers to his execution to mock him, but the resulting photos of him dying with his arms outstretched like a cross became a powerful symbol of the resistance."
"St. Matrona of Moscow","May 2","A blind and crippled Russian wonderworker who was one of the most beloved saints of the 20th century.","Moscow, sick people","1881-1952","Russia","Female","patience; clairvoyance; kindness; piety; resilience","Come to me and tell me as if I were alive, and I will see you and hear you, and help you.","St. Matrona of Moscow","","1881-1952","Born blind in a peasant family, Matrona spent her life in prayer and counseling thousands who sought her help during the difficult years of Soviet rule. Despite her physical disabilities and the constant threat of arrest, she was a source of spiritual light and healing for any who came to her.","She reportedly predicted her own death three days in advance and told people to continue visiting her grave for help."
"St. Luke of Simferopol","June 11","A brilliant surgeon, professor, and archbishop who continued to serve the sick even while in Soviet exile.","surgeons, physicians","1877-1961","Russia/Ukraine","Male","intellect; courage; professionalism; faithfulness; service","I have loved medicine, but I loved my God more.","St. Luke of Simferopol","","1877-1961","Dr. Valentin Voyno-Yasenetsky was a world-class surgeon who wrote 'Essays on Purulent Surgery', a textbook used for decades. He became a priest and then a bishop during the height of Stalin's purges. He spent 11 years in various prisons and exiles, often performing surgeries with limited tools to save the lives of fellow prisoners.","He was the only bishop to win the Stalin Prize for his scientific work while simultaneously being a political prisoner."
"St. Seraphim of Vyritsa","April 3","A wealthy merchant who gave away his fortune after the Revolution to become a monk and a spiritual elder.","business people","1866-1949","Russia","Male","sacrifice; piety; wisdom; charity; humility","The most important thing is to love God and your neighbor.","St. Seraphim of Vyritsa","","1866-1949","Vasily Muravyov was a successful businessman/milionaire who entered a monastery with his wife (who became a nun). During WWII, he prayed for 1,000 nights on a rock for the salvation of Russia, mirroring his namesake St. Seraphim of Sarov. He became a beloved elder to whom thousands of people from Leningrad flocked for comfort.","Before the Revolution, he was one of the richest men in Russia, but he lived his final years in a tiny room on a simple wooden bed."
"St. Maria of Gatchina","February 8","A bedridden nun and martyr who was a source of spiritual strength for thousands during the Soviet era.","depressed people, sick people","1874-1932","Russia","Female","patience; joy; strength; piety; endurance","God is our strength; don't be afraid.","St. Maria of Gatchina","","1874-1932","Maria suffered from Parkinson's disease which left her completely paralyzed and in constant pain. Despite this, she was transformed into a spiritual elder who could read souls. People lined up outside her house in Gatchina to receive her counsel. She was finally arrested and died in a prison hospital.","She was known for her incredible gift of 'joyous sorrow'—a deep inner peace that could heal the depression of those who visited her."
"St. Elizabeth the New Martyr","July 18","A Grand Duchess of Russia who became a nun after her husband's murder and founded a convent for the poor.","nurses, converts","1864-1918","Germany/Russia","Female","charity; forgiveness; sacrifice; dignity; piety","Lord, forgive them, for they know not what they do.","St. Elizabeth the New Martyr","","1864-1918","Princess Elizabeth of Hesse was the granddaughter of Queen Victoria and sister to the last Tsarina. After her husband was killed by a bomb, she visited his assassin to forgive him. She became a nun and founded the Martha and Mary Convent in Moscow, serving the city's poorest. She was thrown down a mine shaft alive by the Bolsheviks.","As she lay dying at the bottom of the mine shaft, she was reportedly heard singing hymns and was found to have used her own veil to bandage the wounds of a fellow prisoner."
"St. Barbara the New Martyr","July 18","The faithful companion and fellow martyr of St. Elizabeth the New Martyr.","loyalty","d. 1918","Russia","Female","loyalty; courage; faithfulness; sacrifice; humility","I will not leave you, no matter what happens.","St. Barbara the New Martyr","","d. 1918","Barbara Yakovleva was a novice at the Martha and Mary Convent and a devoted friend of St. Elizabeth. When the secret police came to deport Elizabeth, they offered Barbara her freedom, but she refused to abandon her mentor. She shared in the same horrific death in the Alapaevsk mine shaft.","She is a symbol of the profound holiness that can be found in simple, quiet loyalty."
"St. Vladimir of Kiev","July 15","The Grand Prince of Kiev who converted to Christianity and baptized the entire nation of Kievan Rus'.","Russia, Ukraine","c. 958-1015","Kyivan Rus'","Male","leadership; transformation; zeal; piety; nationalism","I have found the true faith.","St. Vladimir of Kiev","","c. 958-1015","Vladimir was a fierce pagan ruler who sent envoys to research different religions. They were so moved by the beauty of the liturgy in Constantinople that he chose Orthodoxy. After his conversion, he radically changed his life, dismissing his many wives and building churches and hospitals.","He is often called 'Vladimir the Great' or 'Equal-to-the-Apostles' for his role in bringing Christianity to the Slavic peoples."
"St. Olga of Kiev","July 11","The first Christian ruler of Kievan Rus', known for her wisdom and her role in paving the way for her grandson St. Vladimir.","widows, converts","c. 890-969","Kyivan Rus'","Female","wisdom; determination; leadership; patriotism; piety","Let my people see the light of Christ.","St. Olga of Kiev","","c. 890-969","Olga was a regent who ruled Kyivan Rus' with great skill. She was baptized in Constantinople and attempted to bring Christianity to her people, though her own son refused to convert. She is remembered as the first saint of the Russian Orthodox Church.","Before her conversion, she was famous for her extremely clever and ruthless revenge on the tribe that had murdered her husband."
"St. Boris","May 2","Prince of Kiev and martyr who refused to fight his brother for the throne, becoming a 'Passion-bearer'.","Russia, peacemakers","d. 1015","Kyivan Rus'","Male","peacemaking; loyalty; sacrifice; humility; patriotism","I will not lift a hand against my brother.","St. Boris","","d. 1015","Boris was a son of St. Vladimir. When his elder brother Sviatopolk plotted to seize the throne, Boris's troops urged him to fight back. Instead, Boris chose to model Christ by non-resistance, sending his army home and waiting for his assassins while singing psalms.","He and his brother Gleb were the first saints canonized in Russia and are the founders of the unique Russian tradition of 'Passion-bearing'."
"St. Gleb","May 2","Prince of Kiev and fellow martyr with his brother St. Boris.","Russia, siblings","d. 1015","Kyivan Rus'","Male","loyalty; sacrifice; faithfulness; innocence; peacemaking","Blessed are the peacemakers.","St. Gleb","","d. 1015","Gleb was the younger brother of Boris. Like his brother, he refused to take up arms against Sviatopolk, choosing instead to follow the example of Christ's voluntary suffering. He was murdered shortly after Boris.","Boris and Gleb are almost always depicted together in icons, usually holding crosses and wearing princely robes."
"St. Alexander Nevsky","November 23","Grand Prince of Russia and legendary military leader who protected the Orthodox faith from foreign invaders.","Russia, soldiers, St. Petersburg","c. 1220-1263","Russia","Male","leadership; courage; patriotism; diplomacy; piety","God is not in power, but in truth.","St. Alexander Nevsky","","c. 1220-1263","Alexander was a brilliant general who defeated the Swedes on the Neva River and the Teutonic Knights on Lake Peipus. He used his diplomatic skills to manage the relationship with the Golden Horde, saving Russia from complete destruction. He took monastic vows on his deathbed.","He was voted the 'Greatest Russian' in a nationwide 2008 TV poll."
"St. Savva of Serbia","January 14","The first Archbishop of the autocephalous Serbian Orthodox Church and national hero of Serbia.","Serbia, students, education","c. 1174-1236","Serbia","Male","leadership; diplomacy; education; piety; wisdom","The soul is more precious than the body.","St. Savva of Serbia","","c. 1174-1236","Savva was a prince who secretly fled to Mount Athos to become a monk. He later returned to Serbia to establish its independent church, founded schools and hospitals, and negotiated peace between his brothers. He is considered the father of Serbian culture and identity.","He is credited with bringing 'European' education and law to medieval Serbia."
"St. David of Wales","March 1","The patron saint of Wales and a bishop who founded many monasteries known for their extreme austerity.","Wales, vegetarians, poets","c. 500-589","Wales","Male","piety; leadership; simplicity; eloquence; discipline","Be joyful, keep the faith, and do the little things.","St. David of Wales","","c. 500-589","David (Dewi Sant) was a prominent figure in the Celtic Church. He was known as 'The Waterman' (Aquaticus) because he and his monks drank only water and ate only bread and herbs. His final words to his followers, 'Do the little things', is a beloved Welsh proverb.","Legend says that while he was preaching to a large crowd, the ground he was standing on rose up to form a hill so everyone could see and hear him, and a white dove settled on his shoulder."
"St. Columba of Iona","June 9","The 'Apostle to the Picts', a powerful Irish abbot who founded the monastery of Iona and converted much of Scotland.","Scotland, Ireland, bookbinders, poets","521-597","Ireland/Scotland","Male","leadership; intellect; courage; missionary; artistic","I follow the King of Kings.","St. Columba of Iona","","521-597","Columba (Colum Cille) was a prince and a gifted scholar. After a conflict over a copied book led to a battle, he went into exile on the island of Iona. From there, he became a major cultural and religious force, establishing a network of monasteries and spreading the faith throughout the British Isles.","The first written account of a 'monster' in the River Ness (Loch Ness) comes from the life of St. Columba, who reportedly commanded the beast to stop and go back."
"St. Dunstan","May 19","Archbishop of Canterbury who revitalized English monasticism and served as a statesman under several kings.","goldsmiths, blacksmiths, locksmiths, musicians","c. 909-988","England","Male","leadership; artistic; discipline; justice; reform","The measure of love is to love without measure.","St. Dunstan","","c. 909-988","Dunstan was an artist, a musician, and a skilled metalworker before becoming a monk. He rose to become the most powerful religious leader in England, reforming the clergy and using his influence to bring stability to the country. He was also a noted bell-caster.","A famous legend says that Dunstan, while working at his forge, was tempted by the devil; Dunstan reportedly grabbed the devil's nose with his red-hot tongs."
"St. Perpetua","March 7","A young noblewoman and mother who kept a diary of her imprisonment and was martyred in Carthage for refusing to renounce her faith.","mothers, expectant mothers, ranchers, butchers","c. 181-203","North Africa","Female","courage; motherhood; faith; determination; sacrifice","I am a Christian, and I cannot be called by any other name.; We saw ourselves taken up from the flesh.; Stand fast in the faith, and love one another.","St. Perpetua","March 7","c. 181-203","St. Perpetua was a young, well-educated noblewoman from Carthage who was arrested during the persecution of Emperor Septimius Severus. Despite her father's pleas and her love for her infant son, she refused to renounce her faith. Her prison diary is one of the earliest known writings by a Christian woman and provides a vivid account of early Christian martyrdom.","Her prison diary, the 'Passion of Perpetua and Felicity,' is one of the oldest surviving texts written by a Christian woman."
"St. Felicity of Carthage","March 7","A slave and companion of St. Perpetua who gave birth in prison and was martyred alongside her mistress in the arena.","expectant mothers, barren women, death of children","d. 203","North Africa","Female","courage; endurance; faith; humility; sacrifice","What I suffer now, I suffer alone. But then, another will be in me who will suffer for me.; We were baptized in our own blood.; Christ gives strength to endure all things.","St. Felicity of Carthage","March 7","d. 203","St. Felicity was an enslaved woman who was arrested along with her mistress Perpetua and other catechumens in Carthage. She was eight months pregnant at the time of her arrest and gave birth to a daughter in prison just days before her martyrdom. Her bravery alongside Perpetua has made them inseparable symbols of Christian courage.","She feared she would not be martyred with her companions because Roman law forbade the execution of pregnant women, but she gave birth just in time."
"St. Paul Chong Hasang","September 20","A Korean lay catechist and seminarist martyred for his faith during the Joseon Dynasty persecutions.","Korean laity, catechists","1795-1839","Korea","Male","courage; intellectual; missionary; faith; leadership","Even if we die, we cannot betray the Lord of heaven whom we serve.; The truths of our faith surpass all the knowledge of this world.; I rejoice to die for God.","St. Paul Chong Hasang","September 20","1795-1839","St. Paul Chong Hasang was a Korean lay catechist whose father was one of the first Korean martyrs. He worked tirelessly to bring foreign missionaries into Korea and to organize the underground Catholic community. He was arrested, imprisoned, and eventually executed for his faith.","He made nine dangerous trips to Beijing, crossing the border illegally to seek priests and bishops for the Korean Church."
"St. Marguerite Bays","June 27","A Swiss laywoman and mystic who received the stigmata and lived a life of extraordinary prayer and charity as a simple seamstress.","seamstresses, lay people","1815-1879","Switzerland","Female","mysticism; humility; charity; devotion; simplicity","God does not ask great things of us, only small things with great love.; My life is prayer, and my prayer is my life.; Suffering accepted with love is a treasure.","St. Marguerite Bays","June 27","1815-1879","St. Marguerite Bays was a Swiss seamstress who lived a hidden life of extraordinary holiness. She was miraculously healed of intestinal cancer and received the stigmata, experiencing the wounds of Christ every Friday. Despite these mystical gifts, she continued her humble life of sewing, teaching catechism, and caring for the sick.","She received the stigmata on the same day the dogma of the Immaculate Conception was proclaimed in 1854."
"St. Alberto Hurtado","August 18","A Chilean Jesuit priest who founded a nationwide network of shelters for homeless children and championed workers' rights.","social workers, poor children, Chile","1901-1952","Chile","Male","charity; compassion; justice; leadership; courage","Christ has no body now on earth but yours.; Happy are those who give their lives for others.; Our house should be not a hotel for tourists but a home for Christ.","St. Alberto Hurtado","August 18","1901-1952","St. Alberto Hurtado was a Chilean Jesuit who dedicated his life to the poorest of the poor. He founded Hogar de Cristo, a network providing shelter, education, and care for homeless children across Chile. He also advocated for labor rights and wrote extensively on Catholic social teaching.","He drove around Santiago in a green pickup truck collecting homeless children off the streets, earning him the nickname 'the priest of the green truck.'"
"St. Peter To Rot","January 12","A Papuan catechist who was martyred by the Japanese during World War II for defending the sanctity of Christian marriage.","Papua New Guinea, catechists","1912-1945","Papua New Guinea","Male","courage; faith; leadership; conviction; sacrifice","I must fulfill my duty as a catechist.; Marriage is sacred and cannot be destroyed.; I am ready to die for my faith.","St. Peter To Rot","January 12","1912-1945","St. Peter To Rot was a catechist from the Tolai people of Papua New Guinea. During the Japanese occupation in World War II, he continued to lead his community in prayer and defended the sanctity of Christian marriage against the occupiers' attempts to impose polygamy. He was arrested and killed by lethal injection.","He was the first person from Papua New Guinea to be beatified, and Pope John Paul II beatified him during a visit to Port Moresby in 1995."
"St. Agnes Le Thi Thanh","July 12","A Vietnamese laywoman and mother who was martyred for sheltering priests during the Vietnamese persecutions.","Vietnamese mothers, persecuted Christians","1781-1841","Vietnam","Female","courage; motherhood; hospitality; faith; sacrifice","I would rather die than abandon my religion.; My children, remember to keep the faith.; God will provide for those I leave behind.","St. Agnes Le Thi Thanh","July 12","1781-1841","St. Agnes Le Thi Thanh was a Vietnamese mother of six who sheltered persecuted priests and missionaries in her home. She was arrested, brutally tortured, and eventually executed for refusing to trample on a crucifix. She is one of the 117 Vietnamese Martyrs canonized by Pope John Paul II.","Despite being offered freedom if she simply stepped on a cross, she chose death, saying she could never trample upon her Lord."
"St. Kuriakose Elias Chavara","January 3","An Indian Carmelite priest who founded the first indigenous religious congregation for men in India and pioneered education for all castes.","education, Kerala","1805-1871","India","Male","intellectual; leadership; reform; charity; education","Educate the people and they will be transformed.; A school beside every church.; Love is the foundation of all true education.","St. Kuriakose Elias Chavara","January 3","1805-1871","St. Kuriakose Elias Chavara was an Indian priest of the Syro-Malabar Catholic Church who founded the Carmelites of Mary Immaculate, the first indigenous religious congregation for men in India. He established schools in every parish, including for girls and lower castes, and pioneered a Sanskrit school for interfaith dialogue.","He established the first Catholic printing press in Kerala and started one of the earliest Malayalam-language newspapers."
"St. Euphrasia Eluvathingal","August 29","An Indian Carmelite nun known as the 'Praying Mother' for her extraordinary life of contemplative prayer and mystical experiences.","contemplatives, Kerala","1877-1952","India","Female","contemplation; mysticism; devotion; humility; prayer","My only desire is to love God and to be consumed in His love.; Prayer is the breath of the soul.; In silence, God speaks to us.","St. Euphrasia Eluvathingal","August 29","1877-1952","St. Euphrasia Eluvathingal was an Indian Carmelite nun of the Syro-Malabar Church known for her deep mystical prayer life. She spent hours in Eucharistic adoration daily and was sought out by people from all walks of life for her spiritual counsel. She was canonized by Pope Francis in 2014.","She was called 'Evuprasiamma' (Mother Euphrasia) by locals who lined up outside her convent seeking her prayers and counsel."
"St. Devasahayam Pillai","January 14","The first Indian layperson to be canonized, a Hindu convert who was martyred for his faith in 18th-century southern India.","Indian laity, converts","1712-1752","India","Male","courage; conviction; faith; transformation; sacrifice","I have found the truth and I will not abandon it.; My new name means 'God is my help.'; No threat can separate me from the love of Christ.","St. Devasahayam Pillai","January 14","1712-1752","St. Devasahayam Pillai was born Neelakanta Pillai, a high-caste Hindu official in the kingdom of Travancore. After converting to Christianity under the influence of a Dutch naval commander, he faced severe persecution from the royal court. He endured years of imprisonment and torture before being shot and killed, becoming the first Indian layperson to be canonized.","He was canonized by Pope Francis in 2022, nearly 270 years after his martyrdom."
"St. Magdalena of Nagasaki","October 15","A Japanese Augustinian tertiary who was martyred during the brutal persecution of Christians in 17th-century Japan.","Japanese Christians, persecuted women","1611-1634","Japan","Female","courage; faith; endurance; devotion; sacrifice","I am a Christian and I will die a Christian.; My heart belongs to God alone.; No torment can shake my faith.","St. Magdalena of Nagasaki","October 15","1611-1634","St. Magdalena of Nagasaki was the daughter of Japanese Christian martyrs. She became an Augustinian tertiary and served as an interpreter and catechist for missionaries. During the severe Tokugawa persecution, she was arrested and subjected to the torture of tsurushi (being hung upside down over a pit) for 13 days before dying.","Her parents had been martyred when she was a child, and she was raised by Augustinian missionaries before following their path to martyrdom."
"St. Anna Wang","July 9","A 14-year-old Chinese girl martyred during the Boxer Rebellion for refusing to renounce her Christian faith.","Chinese youth, persecuted Christians","1886-1900","China","Female","courage; youth; faith; conviction; sacrifice","The door of heaven is open to all.; I believe in God. I am a Christian. I do not renounce God.; I would rather die than deny my faith.","St. Anna Wang","July 9","1886-1900","St. Anna Wang was a young Chinese Christian girl from Majiazhuang village who was caught up in the Boxer Rebellion's persecution of Christians. When soldiers demanded she renounce her faith, the 14-year-old refused, saying she would rather die. She was beheaded and is among the 120 Martyrs of China canonized by Pope John Paul II.","She reportedly encouraged her mother to remain strong in faith as they were both led to execution, showing remarkable courage for her age."
"St. Kizito","June 3","The youngest of the Uganda Martyrs, killed at approximately 13-14 years old for refusing to renounce Christianity.","children, primary school students","c. 1872-1886","Uganda","Male","courage; youth; faith; innocence; sacrifice","I will go wherever Charles Lwanga goes.; I am a Christian and I will remain a Christian.; Teach me to pray so I can face death.","St. Kizito","June 3","c. 1872-1886","St. Kizito was the youngest of the Uganda Martyrs, a group of Catholic and Anglican converts killed on the orders of King Mwanga II of Buganda. Despite his young age, he refused to renounce his Christian faith. He was baptized by St. Charles Lwanga the night before their execution and was burned alive alongside his companions.","He smiled and laughed as he was led to execution, clinging to the hand of his mentor Charles Lwanga."
"St. Anuarite Nengapeta","December 1","A Congolese religious sister who was martyred for defending her vow of chastity during the Simba Rebellion.","Congo, abuse victims, religious sisters","1939-1964","Congo","Female","courage; purity; faith; sacrifice; conviction","I forgive you because you do not know what you are doing.; I have given myself to God.; Nothing will separate me from my vow to Christ.","St. Anuarite Nengapeta","December 1","1939-1964","St. Anuarite Nengapeta was a Congolese religious sister of the Holy Family who was martyred during the Simba Rebellion. When rebel soldiers attempted to assault her, she resisted and was beaten and stabbed to death. She forgave her attackers before dying, echoing the words of Christ and St. Stephen.","Pope John Paul II beatified her in 1985 during his visit to Zaire, making her the first Congolese person to be beatified."
"St. Mariam Thresia Chiramel","June 8","An Indian mystic and foundress who established the Congregation of the Holy Family to serve the sick and marginalized in Kerala.","families, social workers","1876-1926","India","Female","mysticism; charity; courage; healing; leadership","My God, let me suffer and love.; The family is the foundation of society and the Church.; Serve the poorest with the greatest love.","St. Mariam Thresia Chiramel","June 8","1876-1926","St. Mariam Thresia Chiramel Mankidiyan was an Indian mystic of the Syro-Malabar Church who experienced extraordinary spiritual phenomena from childhood. She founded the Congregation of the Holy Family to serve broken families, the sick, and the dying. Despite facing misunderstanding and opposition, she persevered in her mission.","She was initially accused of being possessed by demons due to her mystical experiences, but was eventually vindicated by Church authorities."
"St. Narcisa de Jesús","August 30","An Ecuadorian laywoman known for her extreme penances, deep prayer life, and mystical experiences.","Ecuador, lay women","1832-1869","Ecuador","Female","devotion; penance; mysticism; humility; charity","My only desire is to love God above all things.; Suffering is the school of love.; I belong entirely to God.","St. Narcisa de Jesús","August 30","1832-1869","St. Narcisa de Jesús Martillo Morán was an Ecuadorian laywoman who lived a life of extraordinary penance and prayer. Though she never joined a religious order, she lived as a consecrated laywoman, spending her days in prayer, fasting, and works of charity. She died in Lima, Peru, at the age of 36.","She is the first canonized laywoman from Ecuador, beatified by Pope Benedict XVI and canonized by Pope Francis."
"St. Roque González","November 17","A Jesuit missionary who founded several of the famous Guaraní Reductions in South America before being martyred.","Paraguay, missionaries","1576-1628","Paraguay","Male","missionary; courage; compassion; leadership; sacrifice","I came to bring the Gospel to the ends of the earth.; These people deserve to know the love of God.; My blood will water the seeds of faith.","St. Roque González","November 17","1576-1628","St. Roque González de Santa Cruz was a Paraguayan Jesuit and one of the first criollo (American-born) priests in South America. He founded several Jesuit Reductions among the Guaraní people, creating self-sustaining communities. He was killed by a shaman who opposed Christian influence.","He was the first saint born in the Americas to be canonized (born in Asunción, Paraguay)."
"St. Laura of Saint Catherine of Siena","October 21","A Colombian foundress who established schools and missions for indigenous and African-descended peoples.","Colombia, indigenous peoples, educators","1874-1949","Colombia","Female","charity; education; courage; compassion; leadership","God has given me the indigenous and the African peoples as my inheritance.; Love makes all burdens light.; Education is the path to dignity.","St. Laura of Saint Catherine of Siena","October 21","1874-1949","St. Laura Montoya Upegui was a Colombian religious sister who founded the Missionary Sisters of Mary Immaculate and St. Catherine of Siena. She dedicated her life to evangelizing and educating indigenous communities in the Colombian jungle, traveling by canoe and mule to reach remote villages.","She was the first Colombian saint, canonized by Pope Francis in 2013."
"St. María de Jesús Sacramentado","July 30","A Mexican foundress who established the Daughters of the Sacred Heart to serve the poor and abandoned.","Mexico, abandoned people","1868-1959","Mexico","Female","charity; devotion; leadership; compassion; perseverance","The Sacred Heart of Jesus is the fountain of all graces.; Serve the poorest with joy.; In every suffering person I see the face of Christ.","St. María de Jesús Sacramentado","July 30","1868-1959","St. María de Jesús Sacramentado Venegas de la Torre was a Mexican religious sister who founded the Daughters of the Sacred Heart of Jesus. She dedicated over 50 years to caring for the sick, poor, and abandoned in Guadalajara. She persevered through the Mexican Revolution and Cristero War.","She was the first Mexican-born woman to be canonized, by Pope Benedict XVI in 2000."
"St. Felipe de Jesús","February 5","A Mexican Franciscan friar who was among the Twenty-Six Martyrs of Japan, crucified in Nagasaki.","Mexico City","1572-1597","Mexico","Male","courage; faith; missionary; sacrifice; transformation","I die happily for Christ.; From Mexico to Japan, God's love knows no borders.; My cross is my glory.","St. Felipe de Jesús","February 5","1572-1597","St. Felipe de Jesús de las Casas was born in Mexico City and became a Franciscan friar. While traveling from the Philippines to Mexico, his ship was blown off course to Japan, where Christians were being persecuted. He was arrested, marched to Nagasaki, and crucified alongside 25 other Christians.","According to legend, a dried fig tree in his family's home miraculously bloomed on the day of his martyrdom."
"St. Walburga","February 25","An Anglo-Saxon missionary nun who helped evangelize Germany and became one of the most venerated saints of the medieval period.","harvests, plague, hydrophobia, sailors","c. 710-779","England/Germany","Female","missionary; education; courage; healing; leadership","Where there is faith, there is light.; Let us carry the Gospel to all peoples.; In service to others, we find our true calling.","St. Walburga","February 25; May 1 (Walpurgis Night)","c. 710-779","St. Walburga was an Anglo-Saxon princess who left England to join her brothers Sts. Willibald and Winebald in their missionary work in Germany. She became abbess of the double monastery of Heidenheim and was renowned for her healing powers and educational work. She is one of the most celebrated women missionaries of the 8th century.","Walpurgis Night (April 30) is named after her, though the festivities associated with it have nothing to do with the saint herself."
"St. Lioba","September 28","An Anglo-Saxon missionary nun who was instrumental in the evangelization of Germany under St. Boniface.","storms, against storms","c. 710-782","England/Germany","Female","intellectual; missionary; leadership; teaching; wisdom","Let us learn from the Scriptures how to live and how to die.; A woman's strength lies in her faith.; Knowledge shared is knowledge multiplied.","St. Lioba","September 28","c. 710-782","St. Lioba was an Anglo-Saxon Benedictine nun who was sent by her relative St. Boniface to help establish the Church in Germany. She became abbess of Tauberbischofsheim and was renowned for her learning, wisdom, and spiritual counsel. She was so respected that Charlemagne's wife sought her company.","She was one of the most learned women of her age, known to read Scripture even while sleeping, and her reputation attracted nobles from across the Frankish Empire."
"St. Gudula","January 8","A Belgian noblewoman who devoted her life to prayer and charity, becoming the patroness of Brussels.","Brussels, Belgium","c. 646-712","Belgium","Female","devotion; charity; humility; prayer; perseverance","Light conquers darkness through faith.; Each day is an offering to God.; In charity, we find our deepest joy.","St. Gudula","January 8","c. 646-712","St. Gudula was a Frankish noblewoman from Brabant who was educated by her cousin, St. Gertrude of Nivelles. She lived a life of extraordinary piety, walking daily from her home to a church two miles away. She is the patron saint of Brussels, and the city's cathedral is named after her.","According to legend, the devil repeatedly blew out her lantern as she walked to church, but she always managed to relight it through prayer."
"St. Rabanus Maurus","February 4","A Carolingian-era Benedictine monk, archbishop, and scholar known as 'the Teacher of Germany' for his encyclopedic works.","scholars, Germany","c. 780-856","Germany","Male","intellectual; teaching; writing; wisdom; leadership","Come, Holy Spirit, Creator blest.; The study of Scripture is the soul's true food.; Teaching is the noblest of all vocations.","St. Rabanus Maurus","February 4","c. 780-856","St. Rabanus Maurus was a Frankish Benedictine monk who became Archbishop of Mainz. He was one of the most important scholars of the Carolingian Renaissance, writing encyclopedias, biblical commentaries, and the famous hymn 'Veni Creator Spiritus.' He earned the title 'Praeceptor Germaniae' (Teacher of Germany).","He is traditionally credited with composing the hymn 'Veni Creator Spiritus,' one of the most famous hymns in Christian history."
"St. Ansgar","February 3","The 'Apostle of the North' who brought Christianity to Scandinavia and served as the first Archbishop of Hamburg-Bremen.","Scandinavia, Denmark, Germany","801-865","Germany/Denmark","Male","missionary; courage; perseverance; leadership; faith","One miracle I would ask of God: that by His grace He would make me a good man.; The harvest is great in the North.; Patience and prayer will convert the most hardened hearts.","St. Ansgar","February 3","801-865","St. Ansgar was a Frankish monk who became the first Archbishop of Hamburg-Bremen and dedicated his life to evangelizing Scandinavia. He established the first Christian churches in Denmark and Sweden, enduring raids, setbacks, and the destruction of his mission by Vikings. Despite these challenges, he persevered in his missionary work.","Despite decades of missionary work, much of his progress was undone by Viking raids, and Scandinavia didn't fully convert until centuries later."
"St. Methodius of Moravia","February 14","Co-creator of the Glagolitic alphabet and Apostle to the Slavs, who translated the Bible and liturgy into Old Church Slavonic.","Slavic peoples, ecumenism, Europe","c. 815-885","Byzantine Empire","Male","intellectual; missionary; linguistic; perseverance; diplomacy","Let every tongue confess that Jesus Christ is Lord.; The Word of God must be proclaimed in every language.; Unity in faith transcends all borders.","St. Methodius of Moravia","February 14; May 11 (with St. Cyril)","c. 815-885","St. Methodius, together with his brother St. Cyril, is known as one of the Apostles to the Slavs. They created the Glagolitic alphabet to translate Scripture and liturgical texts into Old Church Slavonic, making Christianity accessible to Slavic peoples. Despite opposition from Frankish clergy, Methodius defended the use of the Slavonic liturgy until his death.","The Cyrillic alphabet used today by hundreds of millions of people was named after his brother Cyril and developed from their work."
"St. Adelaide of Italy","December 16","A Holy Roman Empress who used her political power for charitable works and the spread of Christianity across Europe.","empresses, abuse victims, widows, second marriages","c. 931-999","Burgundy/Italy","Female","leadership; charity; wisdom; forgiveness; courage","Power is given to serve, not to dominate.; Forgiveness is the crown of all virtues.; In God's service, even an empress must be humble.","St. Adelaide of Italy","December 16","c. 931-999","St. Adelaide was a Burgundian princess who became Holy Roman Empress through her marriage to Otto the Great. She endured imprisonment, political intrigue, and family conflict, yet used her influence to promote monasteries, churches, and charitable institutions across Europe. She spent her final years in prayer and penance.","She was imprisoned in a castle and escaped through underground tunnels before being rescued by Otto the Great, whom she then married."
"St. Matilda of Ringelheim","March 14","A German queen renowned for her generosity to the poor and her founding of monasteries and charitable institutions.","large families, disappointed people, widows","c. 895-968","Germany","Female","charity; motherhood; humility; prayer; forgiveness","The riches of this world mean nothing compared to the treasures of heaven.; A mother's prayers never cease.; Give to the poor and you give to Christ.","St. Matilda of Ringelheim","March 14","c. 895-968","St. Matilda was the wife of King Henry I of Germany (Henry the Fowler) and mother of Emperor Otto the Great. After her husband's death, she devoted her wealth to founding monasteries, convents, and charitable institutions. Despite being criticized by her sons for her generosity, she continued her charitable work throughout her life.","Her own sons tried to strip her of her dowry because they thought she gave too much to the poor."
"St. Margaret of Hungary","January 18","A Hungarian princess who willingly embraced a life of extreme penance and prayer as a Dominican nun.","Hungary, flood prevention","1242-1270","Hungary","Female","devotion; penance; humility; sacrifice; prayer","I would rather die than leave my convent.; My royal blood means nothing next to the Blood of Christ.; In prayer, I find my true kingdom.","St. Margaret of Hungary","January 18","1242-1270","St. Margaret was a daughter of King Béla IV of Hungary who was offered to God as a child in thanksgiving for the country's deliverance from the Mongol invasion. She entered a Dominican convent on an island in the Danube (now Margaret Island, Budapest) and chose to live a life of extreme penance, refusing all offers of marriage from European royalty.","Margaret Island in Budapest, one of the city's most popular parks, is named after her."
"St. Zélie Martin","July 12","Mother of St. Thérèse of Lisieux and a successful businesswoman who raised a family of extraordinary holiness.","mothers, businesswomen, parents","1831-1877","France","Female","motherhood; faith; industry; love; perseverance","I want to become a saint, and for that I must suffer much.; God gave me many children, and I wish to give them all back to Him.; When I sew, I am working for God.","St. Zélie Martin","July 12","1831-1877","St. Zélie Martin (née Guérin) was a French lace-maker and mother of nine children, five of whom became nuns, including St. Thérèse of Lisieux. She ran a successful Alençon lace business while raising her family with deep Catholic devotion. She died of breast cancer at age 45 and was canonized alongside her husband in 2015.","She and her husband Louis are the first married couple to be canonized together in the history of the Catholic Church."
"St. Louis Martin","July 12","Father of St. Thérèse of Lisieux, a watchmaker and devoted father who raised five daughters who all became nuns.","fathers, watchmakers, parents","1823-1894","France","Male","fatherhood; devotion; patience; humility; sacrifice","God has given me many crosses, but He has also given me much grace.; My little queen, I offer you to God.; Everything passes; only God remains.","St. Louis Martin","July 12","1823-1894","St. Louis Martin was a French watchmaker and the father of St. Thérèse of Lisieux. Together with his wife Zélie, he raised five daughters who all entered religious life. After his wife's death, he supported his daughters' vocations with profound faith. He suffered from cerebral arteriosclerosis in his later years, enduring his affliction with great patience.","He originally wanted to become a monk but was turned away because he didn't know Latin."
"St. Dulce Lopes Pontes","August 13","A Brazilian religious sister known as the 'Mother of the Poor' who built hospitals, orphanages, and schools for the destitute.","Brazil, poor people","1914-1992","Brazil","Female","charity; compassion; courage; leadership; perseverance","If there is a problem, there is a solution. If there is no solution, then there is no problem.; I cannot see someone suffering and do nothing.; The poor are my family.","St. Dulce Lopes Pontes","August 13","1914-1992","St. Dulce Lopes Pontes, known as Irmã Dulce, was a Brazilian Franciscan sister who devoted her life to serving the poorest people of Salvador, Bahia. She transformed an abandoned fish market into a hospital, founded schools, orphanages, and health centers. She was nominated for the Nobel Peace Prize and was canonized by Pope Francis in 2019.","She began her charitable work by bringing sick people into the chicken coop of her convent when she had no other space to shelter them."
"St. Nino of Georgia","January 14","The 'Enlightener of Georgia' who brought Christianity to the ancient kingdom of Iberia (modern Georgia) in the 4th century.","Georgia, evangelists","c. 296-338","Cappadocia/Georgia","Female","missionary; courage; faith; healing; perseverance","Christ is the light of all nations.; Through the sign of the cross, I bring hope.; My mission is from God, not from men.","St. Nino of Georgia","January 14","c. 296-338","St. Nino was a young woman from Cappadocia who traveled to the ancient kingdom of Iberia (modern Georgia) as a captive or pilgrim. Through her prayers and miracles, she converted Queen Nana and eventually King Mirian III, leading to the declaration of Christianity as the state religion. She is revered as equal to the apostles in the Georgian Orthodox Church.","She carried a cross made from grapevine branches bound with her own hair, which became the symbol of the Georgian Church."
"St. Notburga","September 14","A Tyrolean peasant servant known for her charity to the poor and her defense of workers' right to rest on Sundays.","servants, peasants, workers, Tyrol","c. 1265-1313","Austria","Female","charity; humility; courage; justice; devotion","Give to the poor what belongs to God.; Even a servant can serve the Lord.; Rest on the Lord's day is sacred.","St. Notburga","September 14","c. 1265-1313","St. Notburga was a Tyrolean kitchen servant who gave leftover food to the poor against her employer's wishes. When fired, she worked for a farmer who agreed to let her attend Mass and rest on Sundays. According to legend, when he reneged on this promise, her sickle floated in the air, proving God's will for Sunday rest.","She is one of the few non-noble women from the Middle Ages to be venerated as a saint, beloved by Alpine farmers to this day."
"St. Boris of Bulgaria","May 2","The Khan and later Tsar of Bulgaria who converted to Christianity and established it as the state religion.","Bulgaria","c. 831-907","Bulgaria","Male","leadership; vision; faith; courage; diplomacy","A nation united in faith is invincible.; I leave my throne for the throne of God.; Christianity is the foundation of our people.","St. Boris of Bulgaria","May 2","c. 831-907","St. Boris I was the ruler of Bulgaria who converted to Christianity around 864 and established it as the state religion. He navigated complex diplomatic relationships between Rome and Constantinople to secure autonomy for the Bulgarian Church. He eventually abdicated and retired to a monastery, but emerged briefly to prevent his son from restoring paganism.","He came out of monastic retirement to blind and depose his own son Vladimir when he tried to restore paganism in Bulgaria."
"St. Teresa of the Andes","July 13","A Chilean Discalced Carmelite nun who died at 19, known for her profound joy and mystical union with God.","young people, sick people, Chile","1900-1920","Chile","Female","joy; devotion; mysticism; youth; love","God is infinite joy.; I am overwhelmed with happiness because I have found God.; To love is to give everything, to give oneself entirely.","St. Teresa of the Andes","July 13","1900-1920","St. Teresa of the Andes, born Juanita Fernández Solar, was a Chilean girl from a wealthy family who entered the Discalced Carmelite convent in Los Andes at age 18. She lived only 11 months as a Carmelite before dying of typhus, but her diary and letters reveal an extraordinary mystical life. She was the first Chilean saint.","She died at 19, making her one of the youngest non-martyred saints in modern times, yet she left behind hundreds of deeply spiritual letters."
"St. Ezequiel Moreno","August 19","A Spanish Augustinian Recollect bishop who served extensively in the Philippines and Colombia, known for his pastoral zeal.","cancer patients","1848-1906","Spain/Colombia","Male","missionary; pastoral; courage; devotion; perseverance","Liberalism is sin.; I die content knowing I lived for God.; Serve the flock entrusted to you with all your heart.","St. Ezequiel Moreno","August 19","1848-1906","St. Ezequiel Moreno was a Spanish Augustinian Recollect who served as a missionary in the Philippines before becoming Bishop of Pasto, Colombia. He was known for his tireless pastoral visitations of remote communities, often traveling by mule through dangerous terrain. He died of cancer and offered his sufferings for his diocese.","He is invoked as patron of cancer patients because he suffered from the disease and offered his pain as a prayer for his people."
"St. Lidwina of Schiedam","April 14","A Dutch mystic who suffered a skating accident at 15 and spent the rest of her life bedridden, offering her suffering for others.","ice skaters, chronic illness sufferers, the disabled","1380-1433","Netherlands","Female","suffering; patience; mysticism; devotion; sacrifice","My suffering is my prayer.; In pain, I find union with Christ on the cross.; Each wound brings me closer to God.","St. Lidwina of Schiedam","April 14","1380-1433","St. Lidwina of Schiedam was a Dutch woman who, at age 15, broke a rib while ice skating and never recovered. For the remaining 38 years of her life, she was bedridden with progressively worsening ailments. She transformed her suffering into a powerful spiritual ministry, experiencing mystical visions and offering her pain for the souls in purgatory.","She is the patron saint of ice skaters because her lifelong suffering began with a skating accident."
"St. Lorenzo Ruiz","September 28","The first Filipino saint, a lay missionary and calligrapher who was martyred in Japan for refusing to renounce Christianity.","Philippines, Filipino migrants, the Chinese-Filipino community","c. 1600-1637","Philippines","Male","courage; faith; missionary; sacrifice; perseverance","I am a Christian, and I will die for God.; Even if I had a thousand lives, I would offer them all to God.; My faith is more precious than my life.","St. Lorenzo Ruiz","September 28","c. 1600-1637","St. Lorenzo Ruiz was a Chinese-Filipino binukot (altar server) and calligrapher from Manila who fled to Japan after being falsely accused of a crime. He was captured during the Tokugawa persecution and subjected to the water torture of tsurushi. He refused to renounce his faith and died a martyr, becoming the first Filipino saint.","He originally fled to Japan to escape criminal charges in Manila, never intending to become a missionary martyr."
"St. Paul Miki","February 6","A Japanese Jesuit seminarian and one of the Twenty-Six Martyrs crucified in Nagasaki during the persecution of Christians.","Japan","c. 1562-1597","Japan","Male","courage; eloquence; faith; missionary; sacrifice","I have been living as a Japanese and I am dying as a Japanese. This land of mine is the cradle for Christianity.; As I come to this supreme moment of my life, I want you to believe me: I want to declare to you that there is no way to salvation other than the one followed by Christians.; I forgive all who have had a part in my death.","St. Paul Miki","February 6","c. 1562-1597","St. Paul Miki was a Japanese Jesuit scholastic from a wealthy family who was one of the Twenty-Six Martyrs of Japan. He was arrested during the persecution under Toyotomi Hideyoshi and forced to march 600 miles to Nagasaki in winter. He preached his most powerful sermon from the cross before being killed by lance thrusts.","He preached a sermon from the cross to the crowd of thousands who had gathered to watch the execution, converting many with his final words."
"St. Augustine Zhao Rong","July 9","A Chinese diocesan priest who was one of 120 Martyrs of China killed during various persecutions from the 17th to 20th centuries.","China, Chinese Christians","1746-1815","China","Male","courage; faith; conversion; pastoral; sacrifice","I was once a persecutor, now I die for the faith I persecuted.; The blood of martyrs is the seed of the Church in China.; Christ has conquered my heart completely.","St. Augustine Zhao Rong","July 9","1746-1815","St. Augustine Zhao Rong was a Chinese soldier who guarded a bishop being transported to execution. So moved by the bishop's courage, he converted to Christianity and eventually became a diocesan priest. He was arrested and tortured to death during the Qing Dynasty's persecution of Christians.","He converted after escorting a condemned bishop to his execution—watching the man's faith and courage transformed his own life completely."
"St. Charles Lwanga","June 3","The chief of the Uganda Martyrs, a young courtier who protected pages from the king's abuse and was burned alive for his faith.","African Catholic Youth Action, converts, torture victims","c. 1860-1886","Uganda","Male","courage; leadership; protection; faith; sacrifice","A well that has water cannot dry up.; You can burn my body, but you cannot harm my soul.; Katonda wange—my God.","St. Charles Lwanga","June 3","c. 1860-1886","St. Charles Lwanga was a young page in the court of King Mwanga II of Buganda who became chief of the royal pages. He protected younger pages from the king's sexual abuse and secretly baptized them. When the king ordered the execution of all Christian pages, Charles led them in refusing to renounce their faith. He was burned alive at Namugongo.","He baptized several of the younger pages the night before their execution, including the youngest martyr St. Kizito."
"St. Gianna Beretta Molla","April 28","An Italian pediatrician who sacrificed her life to save her unborn child, choosing to continue a dangerous pregnancy rather than have an abortion.","mothers, physicians, unborn children, pro-life movement","1922-1962","Italy","Female","motherhood; courage; faith; medicine; sacrifice","The life of the child is more important than mine.; Love is the most beautiful thing that God has given us.; The secret of happiness is to live moment by moment and to thank God for all that He, in His goodness, sends to us day after day.","St. Gianna Beretta Molla","April 28","1922-1962","St. Gianna Beretta Molla was an Italian pediatrician and mother of four. During her fourth pregnancy, she was diagnosed with a uterine fibroma. She chose to have the tumor removed while preserving the pregnancy, refusing a hysterectomy or abortion. She gave birth to a healthy daughter but died a week later from complications.","Her husband and children were present at her canonization in 2004—one of the few times a saint's immediate family witnessed the ceremony."
"St. Josephine Bakhita","February 8","A Sudanese woman who was kidnapped into slavery as a child, eventually found freedom and faith, and became a Canossian nun in Italy.","human trafficking victims, Sudan, modern slavery survivors","1869-1947","Sudan","Female","forgiveness; faith; resilience; gentleness; hope","If I were to meet those who kidnapped me, and even those who tortured me, I would kneel and kiss their hands.; I am definitively loved and whatever happens to me, I am awaited by this Love.; The Lord has loved me so much; we must love everyone.","St. Josephine Bakhita","February 8","1869-1947","St. Josephine Bakhita was kidnapped from her village in Darfur at age seven and sold into slavery multiple times. After being bought by an Italian consul, she was brought to Italy where she encountered Christianity. She entered the Canossian Sisters and spent the rest of her life serving God with extraordinary gentleness and joy.","Her kidnappers gave her the name 'Bakhita' meaning 'fortunate one' — she had been so traumatized she had forgotten her birth name."
"St. Moses the Black","August 28","A former Ethiopian gang leader and robber who converted to Christianity and became one of the greatest Desert Fathers.","Africa, nonviolence, spiritual conversion","c. 330-405","Ethiopia","Male","conversion; humility; nonviolence; wisdom; courage","Go, sit in your cell, and your cell will teach you everything.; If a man sees his own sins, he cannot see the sins of his neighbor.; Violence breeds nothing but violence.","St. Moses the Black","August 28","c. 330-405","St. Moses the Black was an Ethiopian servant dismissed for theft who became the leader of a gang of bandits. After hiding from authorities in a desert monastery, he was so moved by the monks' way of life that he converted and became a monk himself, eventually leading 75 disciples.","He was once robbed by four thieves while in his cell — he overpowered all four and dragged them to the chapel for prayers."
"St. Tekle Haymanot","August 24","The most celebrated Ethiopian saint, a monk and missionary who spread Christianity throughout southern Ethiopia.","Ethiopia","c. 1215-1313","Ethiopia","Male","missionary; prayer; perseverance; asceticism; leadership","Prayer is the breath of the soul.; Carry the cross with patience and joy.; God rewards those who seek Him with their whole heart.","St. Tekle Haymanot","August 24","c. 1215-1313","St. Tekle Haymanot was an Ethiopian monk who founded the monastery of Debre Libanos, which became the most important monastic center in Ethiopian Christianity. He is credited with converting many pagan communities and is venerated as a national saint.","According to Ethiopian tradition, he stood on one foot in prayer for seven years until the other leg fell off, which is why he is often depicted with one leg."
"St. Frumentius","October 27","The Apostle of Ethiopia who brought Christianity to the ancient kingdom of Aksum in the 4th century.","Ethiopia, missionaries to Africa","c. 300-383","Ethiopia","Male","missionary; diplomacy; faith; perseverance; leadership","The light of Christ shines even in the most distant lands.; God's providence guided my steps to this kingdom.; Faith planted in good soil bears fruit for generations.","St. Frumentius","October 27","c. 300-383","St. Frumentius was a young Christian from Tyre who was shipwrecked on the Ethiopian coast and taken to the court of Aksum. He rose to a position of influence, introduced Christianity to the kingdom, and was later consecrated as the first bishop of Aksum by St. Athanasius of Alexandria.","He was shipwrecked as a teenager and ended up converting an entire kingdom to Christianity."
"St. Mary of Egypt","April 1","A 5th-century penitent who spent 47 years in the desert doing penance after a life of sin in Alexandria.","penitents, overcoming temptation","c. 344-421","Egypt","Female","repentance; perseverance; prayer; transformation; asceticism","An invisible force held me back at the door of the church.; The Lord does not desire the death of the sinner but that they turn and live.; The desert became my paradise.","St. Mary of Egypt","April 1","c. 344-421","St. Mary of Egypt lived as a prostitute in Alexandria for 17 years before experiencing a dramatic conversion while trying to enter the Church of the Holy Sepulchre in Jerusalem. She spent the remaining 47 years of her life as a hermit in the Jordanian desert, living on herbs and divine grace.","According to tradition, when the monk Zosimas found her in the desert, she was able to walk on water to reach him across the Jordan River."
"St. Julia of Corsica","May 22","A North African Christian woman who was sold into slavery and martyred on the island of Corsica for refusing to worship pagan gods.","Corsica, torture victims","d. c. 450","North Africa","Female","courage; faith; purity; sacrifice; endurance","My freedom is in Christ alone.; No chain can bind a soul that belongs to God.; I would rather die than deny my Lord.","St. Julia of Corsica","May 22","d. c. 450","St. Julia was a Christian noblewoman from Carthage who was captured and sold into slavery when the Vandals sacked the city. Despite her enslaved status, she remained devout and was eventually crucified on the island of Corsica by a pagan governor for refusing to participate in idol worship.","She is the patron saint of Corsica, and the island's oldest church is dedicated to her."
"St. Colette of Corbie","March 6","A French reformer who restored the Rule of St. Clare to its original strictness, founding 17 convents across Europe.","expectant mothers, sick children","1381-1447","France","Female","reform; determination; prayer; leadership; humility","If there be a true way that leads to the Everlasting Kingdom, it is most certainly through suffering.; We must pray without tiring, for the salvation of mankind does not depend on material success.; Simplicity is the key to holiness.","St. Colette of Corbie","March 6","1381-1447","St. Colette was a French Franciscan nun who lived as an anchoress before receiving a vision from St. Francis commanding her to reform the Poor Clares. She traveled across Europe founding and reforming convents, restoring the original austerity of the order. She founded 17 new convents and reformed numerous existing ones.","She lived walled up in a small room attached to a church for three years before emerging to begin her reform mission."
"St. Bernadette Soubirous","April 16","A poor French girl who received 18 apparitions of the Blessed Virgin Mary at the grotto of Lourdes.","sick people, Lourdes, bodily illness, shepherdesses","1844-1879","France","Female","humility; faith; suffering; obedience; simplicity","I do not promise to make you happy in this life, but in the next.; The Virgin used me as a broom to remove dust. When the work is done, the broom is put back behind the door.; I shall spend every moment loving.","St. Bernadette Soubirous","April 16","1844-1879","St. Bernadette Soubirous was a sickly, impoverished girl from Lourdes, France, who in 1858 experienced 18 visions of the Blessed Virgin Mary at the grotto of Massabielle. The spring she uncovered during the apparitions became a site of miraculous healings. She later became a nun and lived a hidden life of prayer and suffering.","When her body was exhumed 30 years after death, it was found incorrupt — her body remains on display in a glass reliquary in Nevers, France."
"St. Jadwiga of Poland","July 17","A medieval Queen of Poland who used her wealth to restore universities, found hospitals, and unite Poland and Lithuania through her marriage.","queens, united Europe","1373-1399","Poland","Female","leadership; charity; wisdom; sacrifice; education","I pledge all my jewels for the glory of God and the education of youth.; A crown means nothing if the heart does not serve.; Let my kingdom be built on knowledge and compassion.","St. Jadwiga of Poland","July 17","1373-1399","St. Jadwiga was crowned King (not Queen) of Poland at age 10. She sacrificed her personal happiness by breaking her engagement to marry the pagan Grand Duke of Lithuania, leading to the Christianization of Lithuania. She funded the restoration of the Kraków Academy (now Jagiellonian University) and was beloved for her personal charity.","She was crowned 'King' rather than 'Queen' of Poland to ensure full sovereign authority, and she donated her personal crown jewels to fund the university."
"St. Olga of Kyiv","July 11","A Viking-era princess who became the first ruler of Kyivan Rus' to convert to Christianity, paving the way for the Christianization of Eastern Europe.","widows, converts","c. 890-969","Kyivan Rus'","Female","leadership; wisdom; faith; conversion; diplomacy","I have known God and I rejoice.; Through faith, a nation is transformed.; Wisdom begins with the fear of the Lord.","St. Olga of Kyiv","July 11","c. 890-969","St. Olga was the wife of Igor I of Kyiv, and after his murder, she ruled as regent for their young son. She was baptized in Constantinople and spent her life trying to convert her people. Although she did not succeed in her lifetime, her grandson Vladimir eventually Christianized all of Kyivan Rus'.","Before her conversion, she took brutal revenge on her husband's murderers — including burying ambassadors alive and setting a city on fire."
"St. Elias of the Carmelites","July 20","The Old Testament prophet who defended the worship of God against the priests of Baal and is considered the spiritual father of the Carmelite Order.","Carmelites, Bosnia and Herzegovina","9th century BC","Israel","Male","courage; faith; prophetic; zeal; prayer","As the Lord lives, before whom I stand.; How long will you waver between two opinions?; The Lord, He is God!","St. Elias of the Carmelites","July 20","9th century BC","The prophet Elijah is one of the most dramatic figures in the Old Testament. He challenged 450 prophets of Baal on Mount Carmel, was fed by ravens, raised the dead, and was taken up to heaven in a chariot of fire. The Carmelite Order traces its spiritual lineage to Elijah and the hermits who lived on Mount Carmel.","He never died — according to Scripture, he was taken bodily into heaven in a whirlwind with a chariot and horses of fire."
"St. Maroun","February 9","A 5th-century hermit whose followers founded the Maronite Church, the largest Christian community in Lebanon.","Lebanon, Maronite Church","d. 410","Syria/Lebanon","Male","asceticism; healing; prayer; leadership; faith","The mountain is my cathedral.; Solitude brings the soul closer to God.; Healing flows from prayer.","St. Maroun","February 9","d. 410","St. Maroun was a hermit monk who lived on a mountain in Syria. He was renowned for his healing gifts and spiritual counsel, attracting many followers. After his death, his disciples formed a distinct community that would become the Maronite Church, which remains the spiritual heart of Lebanese Christianity.","The entire nation of Lebanon's largest Christian denomination, the Maronite Church, is named after him."
"St. Rafqa","March 23","A Lebanese Maronite nun who voluntarily asked God for suffering and endured blindness and crippling pain with extraordinary joy.","sick people, Lebanon","1832-1914","Lebanon","Female","suffering; patience; joy; devotion; sacrifice","I asked my Lord for suffering and He gave it to me abundantly.; Pain is the coin with which I buy heaven.; In my blindness I see God more clearly.","St. Rafqa","March 23","1832-1914","St. Rafqa (Rebecca) was a Lebanese Maronite nun who, after years of teaching and religious life, prayed to share in the sufferings of Christ. She soon went blind and became paralyzed, enduring 29 years of intense suffering with remarkable joy and patience. She was canonized by Pope Benedict XVI in 2001.","She specifically asked God to let her suffer, and when blindness and bone disease struck her, she thanked God and never complained once in 29 years."
"St. Nektarios of Aegina","November 9","A Greek Orthodox bishop who was unjustly exiled and slandered, yet responded with humility and built a convent on the island of Aegina.","cancer patients, Greece","1846-1920","Greece","Male","humility; forgiveness; patience; teaching; faith","Love all people equally.; If you are slandered, do not become angry. The truth will prevail.; Keep your mind in hell and do not despair.","St. Nektarios of Aegina","November 9","1846-1920","St. Nektarios was a Greek Orthodox bishop who was falsely accused of corruption and stripped of his position. Rather than fight back, he accepted his disgrace with humility and devoted himself to writing, teaching, and building the Holy Trinity Convent on the island of Aegina. He is one of the most beloved modern Greek saints.","After his death in a hospital, a nurse placed his sweater on a paralyzed man in the next bed, who immediately rose and walked."
"St. Herman of Alaska","December 13","The first Orthodox saint canonized in the Americas, a Russian monk who defended Native Alaskans from exploitation.","Alaska, Americas (Orthodox)","c. 1756-1836","Russia/Alaska","Male","compassion; simplicity; missionary; protection; humility","From this day, from this hour, let us love God above all.; I am a poor sinner, but I love God.; My joy, my consolation — Christ is risen!","St. Herman of Alaska","December 13","c. 1756-1836","St. Herman was a Russian Orthodox monk who arrived in Alaska in 1794 as part of a missionary group. He spent over 40 years on Spruce Island, protecting the native Aleut people from exploitation by the Russian-American Company, establishing schools and an orphanage, and living a life of extreme simplicity.","He lived alone on Spruce Island for decades, growing his own food and wearing the same clothes for years, yet was sought out by thousands for spiritual counsel."
"St. Nina Martyr of Georgia","December 15","A teenage Georgian girl martyred in the Soviet purges for refusing to remove her cross and deny Christ.","Georgian youth","1908-1938","Georgia","Female","courage; youth; faith; conviction; sacrifice","I cannot remove my cross.; Christ is my life.; I die free because I die for God.","St. Nina Martyr of Georgia","December 15","1908-1938","St. Nina was a young Georgian Christian woman who was arrested during Stalin's Great Purge for her religious activities. She was ordered to renounce her faith and remove her cross necklace. When she refused, she was tortured and executed. She was glorified as a new martyr by the Georgian Orthodox Church.","She was only 30 years old when executed, and her final act of defiance was clutching her cross tightly as she was led away."
"St. Mesrop Mashtots","February 17","An Armenian monk who invented the Armenian alphabet to translate the Bible and preserve Armenian Christian culture.","Armenia, translators, linguists","c. 362-440","Armenia","Male","intellectual; creativity; faith; perseverance; education","To know the letters is to know God's Word.; A people without their own script is a people in darkness.; The pen is mightier than the sword of the conqueror.","St. Mesrop Mashtots","February 17","c. 362-440","St. Mesrop Mashtots was an Armenian monk, theologian, and linguist who created the Armenian alphabet around 405 AD. His invention allowed the Bible and liturgical texts to be translated into Armenian, preserving Armenian Christian identity and culture under foreign domination for centuries.","He created an entirely new alphabet of 36 letters in a single inspired effort, and it has been in continuous use for over 1,600 years."
"St. Gregory the Illuminator","September 30","The patron saint of Armenia who converted King Tiridates III, making Armenia the first nation to adopt Christianity as a state religion in 301 AD.","Armenia","c. 257-331","Armenia","Male","missionary; courage; perseverance; faith; leadership","Armenia shall be a light to the nations.; No dungeon can imprison the truth.; The cross conquers all.","St. Gregory the Illuminator","September 30","c. 257-331","St. Gregory the Illuminator was imprisoned in a pit for 13 years by King Tiridates III of Armenia for refusing to worship pagan gods. When the king fell gravely ill, Gregory was released to pray for him. The king was healed and converted, making Armenia the first Christian nation in 301 AD.","He survived 13 years imprisoned in a snake-infested pit called Khor Virap, which is now one of Armenia's most visited pilgrimage sites."
"St. Daniel Comboni","October 10","An Italian missionary bishop who dedicated his life to Africa, founding missionary congregations for the evangelization of Central Africa.","missionaries to Africa","1831-1881","Italy/Sudan","Male","missionary; compassion; perseverance; leadership; sacrifice","Africa or death!; Save Africa with Africa.; I will die for Africa, but Africa will not die.","St. Daniel Comboni","October 10","1831-1881","St. Daniel Comboni was an Italian priest who devoted his entire life to the evangelization of Central Africa, particularly Sudan. He founded the Comboni Missionaries and the Comboni Missionary Sisters, and became the first Catholic bishop of Central Africa. He died of exhaustion and fever in Khartoum at age 50.","His motto 'Save Africa with Africa' was revolutionary — he insisted on training native African clergy rather than relying solely on European missionaries."
"St. Brigid of Kildare","February 1","One of Ireland's three patron saints, an abbess who founded one of the most important monasteries in Ireland.","Ireland, dairy workers, newborn babies, nuns","c. 451-525","Ireland","Female","charity; leadership; hospitality; faith; compassion","I would like a great lake of beer for the King of Kings.; Christ dwells in every creature.; The Virgin Mary's Son, my friend, come to bless this house.","St. Brigid of Kildare","February 1","c. 451-525","St. Brigid of Kildare was one of the most remarkable women in Irish history. She founded the monastery of Kildare, which became one of the most prestigious in Ireland, and established a tradition of hospitality and learning. She is one of Ireland's three patron saints alongside St. Patrick and St. Columba.","She reportedly asked a king for land for her monastery and he agreed to give her as much as her cloak could cover — it miraculously spread to cover several acres."
"St. Bakhita of Olossio","September 15","A Nigerian convert and catechist who was one of the first indigenous African religious sisters in West Africa.","Nigerian women, catechists","c. 1850-1920","Nigeria","Female","faith; teaching; courage; conversion; perseverance","God called me from the darkness of my ancestors' ways.; To teach the faith is the greatest gift.; My Lord led me by unknown paths.","St. Bakhita of Olossio","September 15","c. 1850-1920","St. Bakhita of Olossio was a Nigerian woman who converted to Christianity through the work of European missionaries. She became a catechist and later joined a religious community, dedicating her life to teaching the faith to her people and caring for the sick in her village.","She walked miles each day to teach catechism in remote villages, earning the love and respect of both Christians and non-Christians."
"St. John of Damascus","December 4","A Doctor of the Church and the last of the Church Fathers, who defended the veneration of icons during the Iconoclast controversy.","icon painters, pharmacists, theology students","c. 676-749","Syria","Male","intellectual; theological; courage; writing; faith","I do not worship matter, but the Creator of matter.; What the written word is to the literate, the icon is to the illiterate.; The whole earth is a living icon of the face of God.","St. John of Damascus","December 4","c. 676-749","St. John of Damascus was a Syrian Christian monk and theologian who served as a financial officer in the Islamic Umayyad Caliphate before becoming a monk. He wrote extensively against iconoclasm and composed some of the most important theological treatises of the Eastern Church, including 'The Fount of Knowledge.'","He served as a top administrator in the Muslim caliphate before retiring to a monastery — one of the few saints to hold a senior position in an Islamic government."
"St. Hilda of Whitby","November 17","An Anglo-Saxon abbess who presided over the famous Synod of Whitby and ran one of the most important monasteries in England.","learning, culture, poetry","614-680","England","Female","intellectual; leadership; wisdom; education; diplomacy","All who knew her called her Mother.; Let the light of learning shine forth.; In serving others, we serve Christ.","St. Hilda of Whitby","November 17","614-680","St. Hilda was a Northumbrian princess who became abbess of the double monastery of Whitby. Under her leadership, five future bishops were trained, and the monastery became one of England's greatest centers of learning. She hosted the Synod of Whitby in 664, which determined the date of Easter for the English Church.","She encouraged the illiterate cowherd Cædmon to sing, and he became the first known English-language poet."
"St. Genevieve","January 3","The patron saint of Paris who rallied the city's defense against Attila the Hun and organized relief during a siege.","Paris, disasters, fever, French security forces","c. 419-502","France","Female","courage; prayer; leadership; charity; faith","Let us pray and God will deliver us.; Do not flee, people of Paris. God will protect us.; Prayer is the shield of the city.","St. Genevieve","January 3","c. 419-502","St. Genevieve was a Gallo-Roman woman who dedicated her life to God at a young age. When Attila the Hun threatened Paris in 451, she rallied the citizens to pray rather than flee, and the Huns bypassed the city. She later organized a convoy of boats to bring food to Paris during a Frankish siege.","She convinced the terrified Parisians not to flee from Attila the Hun, and the next day his army miraculously changed course and bypassed Paris entirely."
"St. Elżbieta Hesselblad","June 4","A Swedish convert who restored the Bridgettine Order and sheltered Jews during the Holocaust in Rome.","ecumenism, Sweden","1870-1957","Sweden","Female","ecumenism; courage; compassion; conversion; charity","Unity among Christians is the will of God.; We must build bridges, not walls.; Every person is a child of God, regardless of their faith.","St. Elżbieta Hesselblad","June 4","1870-1957","St. Elżbieta Hesselblad was born Lutheran in Sweden, emigrated to America as a nurse, and converted to Catholicism. She refounded the Bridgettine Order and during World War II, hid Jewish families in her convent in Rome, saving at least 12 lives. She was canonized by Pope Francis in 2016.","She was recognized as Righteous Among the Nations by Yad Vashem for sheltering Jews during the Holocaust."
"St. Damien of Molokai","May 10","A Belgian priest who volunteered to serve the leper colony on Molokai, Hawaii, eventually contracting and dying of the disease himself.","lepers, outcasts, HIV/AIDS patients, Hawaii","1840-1889","Belgium/Hawaii","Male","compassion; sacrifice; courage; service; perseverance","I make myself a leper with the lepers to gain all to Jesus Christ.; We lepers...; I would not have my health restored if it meant leaving my work undone.","St. Damien of Molokai","May 10","1840-1889","St. Damien de Veuster was a Belgian priest who volunteered to serve the isolated leper colony on the island of Molokai in Hawaii. He built houses, hospitals, and churches, and personally cared for the sick. After 16 years of service, he contracted leprosy himself and died among the people he loved.","When he finally contracted leprosy, he began his next sermon with the words 'We lepers...' instead of 'My brethren' — accepting his fate with the community."
"St. Marianne Cope","January 23","A German-American Franciscan sister who continued St. Damien's work among the lepers of Molokai for over 30 years without ever contracting the disease.","lepers, outcasts, Hawaii, against HIV/AIDS","1838-1918","Germany/USA","Female","compassion; courage; service; perseverance; faith","I am not afraid of any disease.; I am hungry for the work.; Make the best use of the few remaining years of my life.","St. Marianne Cope","January 23","1838-1918","St. Marianne Cope was a German-born American Franciscan sister who arrived in Hawaii in 1883 to manage hospitals and schools. After St. Damien's death, she took over the care of the Molokai leper settlement, serving for over 30 years. Remarkably, she never contracted the disease despite constant close contact.","She never contracted leprosy despite 30 years of intimate contact with patients — a fact considered by many to be miraculous."
"St. Pio of Pietrelcina","September 23","An Italian Capuchin friar who bore the stigmata for 50 years and was renowned for his mystical gifts of bilocation, prophecy, and reading souls.","stress relief, adolescents, civil defense volunteers","1887-1968","Italy","Male","mysticism; suffering; prayer; humility; compassion","Pray, hope, and don't worry.; Prayer is the best weapon we have.; The rosary is the weapon for these times.","St. Pio of Pietrelcina","September 23","1887-1968","St. Padre Pio was an Italian Capuchin friar who received the stigmata in 1918 and bore the wounds of Christ on his hands, feet, and side for 50 years. He was known for his long hours in the confessional, his ability to read souls, and reports of bilocation and other mystical phenomena.","His stigmata wounds completely vanished without a trace at the moment of his death, leaving perfectly smooth skin."
"St. Faustina Kowalska","October 5","A Polish nun who received visions of Jesus and promoted the Divine Mercy devotion, which became one of the most popular Catholic devotions worldwide.","mercy, World Youth Day","1905-1938","Poland","Female","mysticism; mercy; humility; obedience; prayer","Jesus, I trust in You.; The greater the sinner, the greater the right he has to My mercy.; Be not afraid of your Savior.","St. Faustina Kowalska","October 5","1905-1938","St. Faustina Kowalska was a Polish nun of the Congregation of the Sisters of Our Lady of Mercy who received private revelations from Jesus about Divine Mercy. She recorded these visions in her diary, which became the basis for the Divine Mercy devotion. She was canonized by Pope John Paul II in 2000.","Her 600-page diary, written at Jesus' request, has been translated into dozens of languages and is one of the most widely read spiritual classics of the 20th century."
"St. Maximilian Kolbe","August 14","A Polish Franciscan friar who volunteered to die in place of a stranger at the Auschwitz concentration camp.","drug addicts, prisoners, families, journalists, pro-life movement","1894-1941","Poland","Male","sacrifice; courage; charity; faith; forgiveness","The most deadly poison of our times is indifference.; No one in the world can change Truth.; I am a Catholic priest; let me take his place.","St. Maximilian Kolbe","August 14","1894-1941","St. Maximilian Kolbe was a Polish Franciscan friar who was imprisoned in Auschwitz. When a prisoner was selected for death by starvation, Kolbe volunteered to take his place. He led the condemned men in prayer and song for two weeks before being killed by lethal injection. The man he saved survived the war.","The man whose life he saved, Franciszek Gajowniczek, survived the war and attended Kolbe's beatification and canonization ceremonies decades later."
"St. John Henry Newman","October 9","An Anglican theologian and cardinal whose conversion to Catholicism shook Victorian England and whose writings profoundly influenced the Second Vatican Council.","the Ordinariate, converts","1801-1890","England","Male","intellectual; conversion; writing; faith; perseverance","To live is to change, and to be perfect is to have changed often.; Lead, kindly Light, amid the encircling gloom.; A thousand difficulties do not make one doubt.","St. John Henry Newman","October 9","1801-1890","St. John Henry Newman was the most prominent Anglican convert to Catholicism in 19th-century England. A leading intellectual and Oxford professor, his conversion caused a national sensation. He was made a cardinal and wrote extensively on the development of doctrine, the nature of faith, and education.","His motto as cardinal was 'Cor ad cor loquitur' (Heart speaks to heart), and his conversion took decades of agonized study and prayer."
"St. Jeanne Jugan","August 30","A French laywoman who founded the Little Sisters of the Poor to care for destitute elderly people.","elderly people, the destitute","1792-1879","France","Female","charity; humility; compassion; perseverance; joy","It is so good to be poor, to have nothing, to depend on God for everything.; Making the elderly happy, that is everything.; Never forget that the poor are Our Lord.","St. Jeanne Jugan","August 30","1792-1879","St. Jeanne Jugan founded the Little Sisters of the Poor after bringing a blind, paralyzed elderly woman into her own home. Her work grew rapidly as she begged door-to-door to support her growing community of elderly residents. Despite founding the order, she was unjustly removed from leadership and spent her last 27 years in obscurity.","She was pushed aside by a priest who took credit for founding her order, and she spent her last 27 years in humble obscurity — but the truth was restored after her death."
"St. Sharbel Makhlouf","December 24","Feast of the finding of St. Charbel's incorrupt body, celebrated in some Maronite traditions.","Lebanon, healing","1828-1898","Lebanon","Male","prayer; healing; asceticism; silence; miracles","The silence of God is the loudest sound.; In stillness, the soul hears heaven.; Fasting feeds the spirit.","St. Sharbel Makhlouf","December 24","1828-1898","This feast commemorates the discovery of St. Charbel's incorrupt body when his tomb was opened and a mysterious light was seen above it. His body had been buried for months but showed no signs of decomposition, leading to increased veneration and eventually his beatification and canonization.","When his tomb was opened, his body was floating in a mud-like liquid, yet was perfectly preserved — a phenomenon that continued for decades."
"St. Oscar Arnulfo Romero","March 24","Archbishop of San Salvador who was assassinated while saying Mass for his outspoken defense of the poor during El Salvador's civil war.","El Salvador, the Americas, persecuted Christians","1917-1980","El Salvador","Male","justice; courage; compassion; pastoral; sacrifice","If they kill me, I shall arise in the Salvadoran people.; We cannot segregate God's word from the historical reality in which it is proclaimed.; Peace is not the product of terror or fear.","St. Oscar Arnulfo Romero","March 24","1917-1980","St. Oscar Romero was a quiet, conservative priest who was appointed Archbishop of San Salvador expecting he would not challenge the status quo. Instead, after witnessing the murder of his friend Fr. Rutilio Grande, he became the most vocal defender of the poor in Latin America. He was shot dead while celebrating Mass in 1980.","He was deliberately chosen as archbishop because the government thought he would be passive — instead he became their fiercest critic."
"St. Toribio Romo González","May 25","A Mexican priest martyred during the Cristero War who has become the unofficial patron of migrants crossing the US-Mexico border.","migrants, Mexican Americans","1900-1928","Mexico","Male","pastoral; courage; faith; sacrifice; compassion","Do not be afraid; I will help you cross.; The shepherd does not abandon his flock.; You will not die in the desert.","St. Toribio Romo González","May 25","1900-1928","St. Toribio Romo González was a young Mexican priest who was martyred during the Cristero War at age 28. In recent decades, countless Mexican and Central American migrants have reported seeing a mysterious young man who helped them cross the desert safely — they later identified him from pictures as St. Toribio.","Thousands of migrants claim he physically appeared to them in the desert, giving them water and guiding them to safety — making him the most reported apparitional saint in the Americas."
"St. María Guadalupe García Zavala","June 24","A Mexican co-foundress who sheltered persecuted priests and the Archbishop of Guadalajara during the Cristero War.","Mexico, persecuted priests","1878-1963","Mexico","Female","courage; charity; compassion; leadership; faith","Charity and suffering go hand in hand.; We must serve the sick as we would serve Christ.; Fear is conquered by love.","St. María Guadalupe García Zavala","June 24","1878-1963","St. María Guadalupe García Zavala co-founded the Handmaids of St. Margaret Mary to serve the sick and poor. During the Cristero War, she risked her life by hiding persecuted priests and even the Archbishop of Guadalajara in her hospital. She was canonized by Pope Francis in 2013.","She hid the Archbishop of Guadalajara from government soldiers in her hospital for several years during the Cristero War persecution."